famille,action,outil_mcp,titre,description,engagement,repetable,rangs_batterie
core,ai.localState,ai_localState,Lire le runtime IA local,"Rend les candidats IA locaux, leur installation et chargement, les rôles, l’adéquation à la machine, les téléchargements et l’état du runtime.",none,True,43.11
core,ai.manageLocalRuntime,ai_manageLocalRuntime,Gérer le runtime IA local,"Choisit, installe, retire, charge ou décharge un candidat IA local, ou lit et répare son runtime. Lire d’abord ai.localState. Toute opération sauf la lecture du moteur modifie le studio et demande confirmation.",none,True,43.12
core,command.runStudioCommand,command_runStudioCommand,Lancer une commande,"Déclenche une commande du studio par son identifiant, exactement comme un raccourci clavier ou une entrée de menu. Le document visé doit être devant. Un identifiant s’écrit <portée>.<verbe>, et studio.state répond la portée de ce qui est devant : reprendre une modification d’un document, c’est <portée>.undo — scene.undo, canvas.undo, sequence.undo — et la remettre <portée>.redo. UN appel reprend UN geste, donc un second reprend celui d’avant : relire le document plutôt que de l’envoyer deux fois. Aucune autre action n’annule une modification, files.undoFileOperation ne couvrant que les fichiers du projet.",none,False,"45.1,10.9,71.3"
core,workspace.open,workspace_open,Ouvrir un espace,"Bascule vers un espace de travail, et y crée un document si on le demande — un NOUVEAU à chaque fois, ce n’est donc pas le chemin de retour vers un document déjà ouvert. Donnez toujours un nom : sans lui, une fenêtre de nommage s’ouvre et l’appel attend une personne.",none,True,"5.1,5.2,5.3"
core,models.search,models_search,Chercher un modèle,"Cherche un moteur de génération par nom ou identifiant, famille et opération. La requête est facultative et nomme le moteur, pas le contenu à générer ; si aucun moteur n’y correspond, la famille compatible reste proposée. Ne change rien à l’écran.",none,True,20.1
core,models.select,models_select,Choisir un modèle,Arme un modèle pour une famille de génération. Le formulaire du Générateur se reconstruit alors sur les champs de ce modèle.,none,False,20.1
core,generator.prepare,generator_prepare,Préparer une génération,"Remplit le formulaire du Générateur avec un modèle et ses paramètres, puis l’affiche. Rien n’est envoyé.",none,True,"20.1,22.1,66.1,66.2,66.3,66.4"
core,generator.readArmedGeneration,generator_readArmedGeneration,Lire ce qui est armé,"Rend le modèle, l’opération, les sources et la destination du Générateur tel qu’il est armé, sans rien envoyer ni rien dépenser.",none,True,66.3
core,generator.submit,generator_submit,Lancer la génération préparée,"Envoie le formulaire tel qu’il est affiché. Dépense sur le compte qui sert ce modèle, et l’estimation est annoncée d’abord quand il y en a une.",credits,True,"20.1,20.3,20.4,21.1,21.2,21.3,21.4,22.1,24.10,66.1,66.2,66.4,68.8"
core,jobs.list,jobs_list,Lister les tâches,"Rend les générations en cours et leur avancement, tels que le studio les suit. Ne change rien à l’écran.",none,True,44.1
core,prompt.suggest,prompt_suggest,Proposer des variantes de prompt,"Réécrit une phrase en plusieurs variantes taillées pour le modèle armé dans le Générateur, avec les réglages qui vont avec. Ne consomme rien et ne change rien à l’écran.",none,True,45.5
core,prompt.translate,prompt_translate,Traduire un prompt en anglais,"Porte un texte dans la langue sur laquelle les modèles sont entraînés, et dit quelle langue il a reconnue. Ne consomme rien et ne change rien à l’écran.",none,True,45.6
core,prompt.describeStyle,prompt_describeStyle,Décrire le style des références,Lit les images de référence posées sur le formulaire du Générateur et en rend une description utilisable comme prompt. Ne consomme rien.,none,True,45.7
core,chat.close,chat_close,Refermer la conversation,"Retire la conversation de l’écran pour laisser voir le résultat. À appeler en dernier, et seulement une fois le résultat visible — jamais quand la réponse est les mots eux-mêmes, ni pendant qu’une permission est demandée.",none,False,45.3
core,actions.find,actions_find,Chercher des actions,"Cherche par mots-clés dans toutes les actions que le studio publie et rend celles qui correspondent, avec leurs champs. Ne change rien à l’écran. C’est aussi ce qui répond à « de quoi es-tu capable au sujet de X » : chercher le mot, puis dire ce qui est revenu.",none,True,45.2
target,target.select,target_select,Désigner une cible,"Désigne dans le document ouvert ce que la suite visera — un calque, un objet de scène, un clip. Prenez l’identifiant dans la liste des cibles de ce briefing. Sans elle, il n’y a rien à viser.",none,False,45.4
state,studio.state,studio_state,Lire l’état du studio,"Rend le projet ouvert, l’espace et la surface actifs, tous les documents ouverts avec celui qui est devant, le modèle armé par famille, et si le studio est connecté. À demander avant de lancer une commande, car une commande n’atteint que la surface active.",none,True,"1.1,1.4,1.9"
state,documents.list,documents_list,Lister les documents du projet,"Rend les documents éditables que porte le dossier du projet — images en calques, scènes, montages, matières — ouverts dans un onglet ou non. Les autres fichiers du projet, images et modèles compris, ne sont pas là.",none,True,1.1
state,document.open,document_open,Ouvrir un document,"Ouvre un document du dossier du projet par son chemin et le met devant, en basculant d’espace si besoin. Le chemin est celui qu’un listage a rendu.",none,False,41.1
state,document.activate,document_activate,Mettre un document devant,"Fait d’un document déjà ouvert l’onglet actif, pour que les commandes de sa surface l’atteignent. C’est la réponse à une commande refusée parce qu’elle s’adressait à une autre surface. Nommez-le par son identifiant, par son chemin, ou par le titre que le studio affiche entre guillemets — un titre que deux documents partagent n’en nomme aucun. « Rouvre X », « reviens sur X » pour un document déjà ouvert, c’est ceci, pas file.open.",none,False,"2.7,5.5"
state,document.close,document_close,Fermer un document,Ferme l’onglet d’un document ouvert. Ce qui n’a jamais atteint le disque est perdu avec lui.,none,False,5.4
state,document.rename,document_rename,Renommer un document,"Appelle un document autrement, sur le disque et à l’écran d’un même geste. Le document garde son identité, et un onglet ouvert se renomme sans se fermer.",files,True,41.2
state,document.save,document_save,Enregistrer un document,"Écrit le document nommé dans le projet, et attend que ce soit fait. Sans identifiant, c’est celui qui est devant. Répond si quelque chose a été écrit, car un onglet intact n’a rien à écrire et ce n’est pas un échec.",files,True,41.3
state,document.deleteFromDisk,document_deleteFromDisk,Supprimer un document,"Retire du projet le fichier du document, puis ferme son onglet. Le travail non enregistré part avec lui, puisque le fichier s’en va — l’enregistrer avant de le détruire n’aurait pas de sens.",files,True,41.4
state,document.export,document_export,Exporter le document devant dans le projet,"Écrit le document devant — image, scène, ciel, matière ou montage — dans un dossier du projet, portant son titre à défaut d’un nom donné. Un montage sort en OpenTimelineIO, c’est-à-dire la coupe et non un film — le rendu image par image demande une session que rien d’extérieur ne peut tenir. La destination ne peut pas sortir du projet.",files,True,41.5
state,activity.recent,activity_recent,Lire l’activité récente,"Rend ce que le studio a consigné dernièrement — générations, opérations sur les fichiers, échecs — du plus récent au plus ancien. C’est ainsi qu’on apprend ce qu’une action a réellement fait. Comment une génération s’est PASSÉE est job.readCloudGeneration, qui la rend entière.",none,True,42.3
file,projects.list,projects_list,Lister les projets récents,"Rend les projets récents dans l’ordre où le studio les affiche, chacun avec le chemin absolu qui l’ouvre — passer ce chemin à project.open.",none,True,41.11
file,project.open,project_open,Ouvrir un dossier de projet,"Ouvre un projet depuis un chemin absolu de cette machine, sans lever le dialogue système qu’une personne utiliserait. Répond si le dossier était bien un projet.",studio,False,"41.7,41.11"
file,project.close,project_close,Fermer le projet ouvert,Referme le projet ouvert et laisse le studio sans projet : les panneaux se vident et le catalogue cesse de répondre. Le dossier n’est pas touché et reste dans les projets récents.,none,False,41.9
file,project.create,project_create,Créer un dossier de projet,"Crée un projet et l’ouvre, sans lever le dialogue système qu’une personne utiliserait. Un NOM suffit — le studio le pose là où cette personne range ses projets, indiqué plus haut. Le champ folder dit dans quel dossier le créer, quand la phrase en nomme un. Pour laisser le choix de l’emplacement, appeler quand même l’action : sa confirmation porte un bouton qui ouvre le sélecteur du système et remplit le champ folder.",studio,False,"41.6,41.10"
file,project.forget,project_forget,Retirer un projet des projets récents,"Retire un projet de la liste des projets récents, qui n’est qu’une liste de raccourcis. LE DOSSIER N’EST PAS TOUCHÉ et rien n’est effacé : rouvrir le projet remet la ligne. Pour mettre le dossier à la corbeille, c’est project.trash. Nommé par le chemin absolu que projects.list rend.",studio,False,41.12
file,project.trash,project_trash,Mettre un projet à la corbeille,"Met à la corbeille du système le DOSSIER du projet et tout ce qu’il contient — documents, assets, catalogue. Rien dans le studio ne revient dessus : seule la corbeille du système peut le rendre. Le projet est refermé s’il était ouvert, et sa ligne quitte les projets récents. Pour seulement retirer la ligne sans toucher au dossier, c’est project.forget. Nommé par le chemin absolu que projects.list rend.",studio,False,41.13
file,file.open,file_open,Ouvrir un fichier du projet,"Ouvre n’importe quel fichier du dossier du projet — une image, un modèle 3D, une matière, un document — dans l’espace qui l’édite, comme un double-clic dans l’Explorateur. Un fichier qu’aucun éditeur d’ici ne prend est confié au programme auquel il appartient.",none,False,"2.1,2.2,2.3,2.4,2.5,2.6,22.3,66.2"
file,files.list,files_list,Lister un dossier,"Rend les entrées d’un dossier du projet ouvert, fichiers comme dossiers, avec le chemin sous lequel chacune est connue. Sans dossier donné, liste la racine du projet.",none,True,1.2
file,files.search,files_search,Chercher dans les fichiers du projet,"Cherche dans tout le projet ouvert par le nom et rend les entrées trouvées avec leur chemin. Ne change rien à l’écran. Trouver n’est pas ouvrir : file.open ouvre ce qui a été trouvé, et file.rename le renomme.",none,True,"1.2,3.1"
file,files.move,files_move,Déplacer des fichiers,"Déplace des fichiers et des dossiers du projet vers un autre de ses dossiers. Le disque change, mais l’Explorateur peut encore l’annuler ensuite.",files,True,4.5
file,files.copy,files_copy,Copier des fichiers,"Copie des fichiers et des dossiers du projet vers un autre de ses dossiers, en laissant les originaux où ils sont.",none,True,42.1
file,files.duplicate,files_duplicate,Dupliquer des fichiers,"Crée une copie de chaque fichier ou dossier nommé, à côté de lui, sous un nom que le studio choisit pour n’écraser personne.",none,True,"4.3,18.1"
file,files.trash,files_trash,Mettre des fichiers à la corbeille,Envoie des fichiers et des dossiers du projet à la corbeille du système. Ce qui a été emporté figure dans l’activité récente.,files,True,"4.7,4.8,30.4"
file,file.rename,file_rename,Renommer un fichier,"Donne un autre nom à un fichier ou un dossier du projet, dans le dossier où il se trouve déjà. Un autre programme le connaît peut-être sous l’ancien.",files,True,"4.4,18.2"
file,file.facts,file_facts,Lire les faits d’un fichier,"Rend ce que le disque consigne d’une entrée — sa nature, sa taille en octets, sa création et sa dernière modification. Ne change rien à l’écran.",none,True,4.6
file,folder.new,folder_new,Créer un dossier,"Crée un dossier dans un dossier du projet ouvert. Répond avec le chemin qui lui a été donné, qui peut différer si le nom était pris.",none,True,"4.1,4.2"
file,files.undoFileOperation,files_undoFileOperation,Annuler le dernier lot de fichiers,"Reprend le dernier déplacement, renommage ou duplication de fichiers du projet. La pile vit dans le processus principal et vaut pour toutes les fenêtres, mais une mise à la corbeille ne se reprend pas.",files,True,"29.2,29.3,29.5,29.6"
file,files.redoFileOperation,files_redoFileOperation,Refaire le dernier lot de fichiers,"Rejoue le lot de fichiers qui venait d’être annulé, exactement comme le fait l’Explorateur. Répond avec ce qui a bougé et ce qui a été refusé.",files,True,42.4
file,files.canUndoRedo,files_canUndoRedo,Lire la pile des gestes de fichiers,"Dit si annuler ou refaire ferait quelque chose, sans rien tenter. C’est ce qui grise les deux entrées de menu avant qu’on ne clique dessus.",none,True,42.2
file,file.reveal,file_reveal,Montrer un fichier dans le gestionnaire de fichiers,"Ouvre le Finder ou l’explorateur du système sur le fichier nommé, sélectionné. Le chemin ne sort jamais du processus principal.",none,False,42.5
file,project.rename,project_rename,Renommer un projet,"Renomme un projet, ce qui DÉPLACE son dossier : un projet est nommé par son dossier et par rien d’autre. Le contenu suit, rien n’est effacé. Nommé par le chemin absolu que projects.list rend, donc même fermé — et le chemin répondu est le NOUVEAU.",studio,False,41.8
job,models.readGenerationModelFields,models_readGenerationModelFields,Lire les entrées d’un modèle,"Rend les champs qu’un modèle de génération accepte, avec leur nature et leurs bornes, tels que le studio en construit son formulaire. C’est de quoi remplir les paramètres d’une génération préparée.",none,True,44.5
job,cost.estimate,cost_estimate,Estimer ce que coûterait une génération,"Chiffre un modèle et un jeu de paramètres sans rien lancer. Ses paramètres prennent la forme que rend models_readGenerationModelFields. Ne répond aucun montant là où l’API refuse de chiffrer ce modèle, plutôt que d’inventer un nombre.",none,True,44.6
job,job.readCloudGeneration,job_readCloudGeneration,Lire une tâche,"Répond une génération entière — son état, où elle en est, ce qu’elle a produit, ce qu’elle a coûté et pourquoi elle a échoué le cas échéant. Demandé « le résultat de ma dernière génération », c’est ceci qui dit comment elle s’est PASSÉE ; l’image ou le modèle 3D qu’elle a produit est dans le catalogue du projet.",none,True,44.2
job,job.waitForCloudGeneration,job_waitForCloudGeneration,Attendre la fin d’une tâche,"Attend qu’une génération réussisse, échoue ou soit annulée, puis la rend avec les assets produits. Rend la tâche telle quelle si l’attente expire, ce qui est une réponse et non un échec.",none,True,20.1
job,job.cancelCloudGeneration,job_cancelCloudGeneration,Annuler une tâche,Arrête une génération encore en file ou en cours. Ce qui a déjà été dépensé n’est pas rendu.,none,True,44.3
job,task.cancelLocalTask,task_cancelLocalTask,Annuler un travail local,"Arrête un travail que le studio mène sur cette machine — un rendu, une importation, une indexation — et le fichier à moitié écrit avec lui. Répond si l’un tournait encore, ce qu’un identifiant déjà terminé n’est pas.",none,True,44.4
job,usage.report,usage_report,Lire le rapport de consommation,"Répond ce que le compte a dépensé sur une fenêtre de sept, trente-et-un ou cent vingt jours, telle que la fenêtre d’usage la montre. C’est ce qui répond à « combien me reste-t-il de crédits ».",none,True,43.7
asset,assets.searchProjectCatalogue,assets_searchProjectCatalogue,Chercher dans le catalogue du projet,"Cherche par texte, par nature et par tags dans le catalogue de CE projet, sur cette machine, et peut se restreindre à ce qui a été généré. Le catalogue porte des assets, pas les fichiers du projet : un fichier que la personne nomme se trouve en cherchant dans les fichiers du projet. La bibliothèque distante du compte est encore ailleurs. Ce que le catalogue porte SUR un asset — d’où il vient, comment il est étiqueté — est asset.get, sur les ids que ceci rend.",none,True,"3.2,3.3,3.5,3.6,20.5"
asset,assets.counts,assets_counts,Compter le catalogue du projet,"Rend le nombre d’images, de vidéos, d’assets audio, de modèles 3D, de skyboxes et d’animations que ce projet porte sur cette machine, compté dans le catalogue plutôt qu’en les listant. Chaque nature est rendue, même lorsque son compte vaut zéro.",none,True,1.3
asset,asset.get,asset_get,Lire des assets,"Rend tout ce que le catalogue sait des assets nommés — où ils sont, d’où ils viennent, comment ils sont étiquetés. C’est ce qu’il faut appeler sur les identifiants qu’une génération finie a rendus.",none,True,43.1
asset,asset.update,asset_update,Corriger un asset,"Change le nom d’un asset, ses tags, ou la nature que le studio a lue dans son extension. Les tags sont remplacés en entier, donc une liste vide les efface vraiment.",none,True,20.2
asset,assets.removeFromLibrary,assets_removeFromLibrary,Retirer des assets,"Sort des assets de la bibliothèque du projet, et de la bibliothèque distante quand on le demande. Ce qui a été retiré figure dans l’activité récente.",files,True,43.2
asset,assets.captionImages,assets_captionImages,Légender des images,"Fait lire les images nommées par l’API et écrit ce qu’elle y voit comme nom de l’asset. Seules les images que la bibliothèque connaît peuvent l’être, donc une sélection purement locale répond zéro.",none,True,43.4
asset,asset.extractTextures,asset_extractTextures,Extraire les images d’un modèle,Sort les images qu’un fichier 3D transporte et les fait entrer dans la bibliothèque du projet comme des assets à part entière. Rend les lignes qui viennent d’être créées.,none,True,"2.5,3.4"
asset,asset.reveal,asset_reveal,Montrer un asset dans le gestionnaire de fichiers,"Ouvre le Finder ou l’explorateur du système sur le fichier d’un asset. Un asset qui ne vit que dans la bibliothèque distante n’a rien à montrer, et le dit.",none,False,43.5
asset,assets.listMissing,assets_listMissing,Repérer les assets dont le fichier a disparu,"Parmi les assets nommés, rend ceux dont le catalogue attend un fichier qui n’est plus là. Un asset qui n’a jamais eu de fichier local n’en est jamais, puisque rien n’était attendu de lui.",none,True,43.3
cloud,cloud.browseAccountLibrary,cloud_browseAccountLibrary,Parcourir la bibliothèque distante,"Rend une page de la bibliothèque du compte, filtrée par texte, tags ou nature. La pagination se fait par curseur, et il n’y a pas de total — l’API n’en donne aucun.",none,True,"54.1,54.2"
cloud,cloud.explorePublicFeed,cloud_explorePublicFeed,Parcourir ce que tout le monde a publié,"Rend une page du flux public d’une nature donnée, du plus récent au plus ancien. Ces assets ne sont pas les vôtres, et les regarder n’en rapatrie aucun. cloud.pull est ce qui en fait descendre une dans le projet, octets compris.",none,True,54.2
cloud,cloud.findSimilarPublished,cloud_findSimilarPublished,Chercher ce qui ressemble à un asset,"Rend les assets publiés qui ressemblent à celui nommé, celui-ci étant retiré de ses propres résultats. La référence est au choix de l’appelant.",none,True,54.3
cloud,cloud.previewSync,cloud_previewSync,Prévoir ce qu’une synchronisation ferait,"Dit ce qu’un envoi ou un rapatriement ferait de chaque asset nommé, avant que cela ne coûte la moindre requête. Rien n’est envoyé ni rapatrié.",none,True,54.4
cloud,cloud.pull,cloud_pull,Rapatrier des assets distants,"Fait entrer des assets dans le projet, octets compris, et dit ce que chacun a donné. Un téléchargement interrompu garde ce qu’il avait déjà écrit.",none,True,54.5
cloud,cloud.push,cloud_push,Envoyer des assets vers le compte,"Envoie des assets locaux vers la bibliothèque du compte, où ils restent. C’est le seul geste de cette famille qui laisse quelque chose derrière lui.",asset,True,54.6
canvas,canvas.state,canvas_state,Lire l’image en cours d’édition,"Répond l’image en avant — sa taille, sa résolution, ses repères, et chaque calque de la pile à plat : identifiant, nom, sorte, et ce que chacun porte. Un champ À SON DÉFAUT est omis, et son absence signifie ce défaut : un calque est visible, opaque, déverrouillé, en fondu normal, non rogné et non transformé.",none,True,"39.1,68.2"
canvas,canvas.setDocumentProperties,canvas_setDocumentProperties,Régler les propriétés du document image,"Change la résolution d’impression, le mode colorimétrique ou la profondeur de bits de l’image devant. Lire d’abord canvas.state ; les valeurs non nommées restent inchangées.",none,True,39.7
canvas,layer.add,layer_add,Ajouter un calque,"Pose un calque de pixels, de texte ou de réglage au sommet de la pile de l’image devant, et répond avec l’identifiant qui lui a été donné. Un calque de réglage doit nommer le réglage qu’il porte.",none,True,"19.1,28.4"
canvas,layer.remove,layer_remove,Retirer un calque,Sort un calque de la pile de l’image devant. S’annule comme n’importe quelle autre édition de ce document.,none,True,19.7
canvas,layer.select,layer_select,Armer un calque,"Fait d’un calque celui qui est armé, c’est-à-dire celui sur lequel agissent les outils de l’espace Image. C’est une façon de regarder la pile plutôt qu’une édition, donc rien ne s’ajoute à l’historique.",none,False,39.3
canvas,layer.rename,layer_rename,Renommer un calque,"Appelle autrement un calque de l’image devant. L’identifiant ne change pas, donc rien de ce qui le désignait n’est perdu.",none,True,19.2
canvas,layer.setOpacityBlendAndVisibility,layer_setOpacityBlendAndVisibility,Régler la composition d’un calque,"Change l’opacité d’un calque, son opacité de fond, son mode de fusion, sa visibilité ou son écrêtage. Chaque champ est facultatif, et ce qui n’est pas donné reste exactement tel quel. C’EST ELLE qui cache un calque et le remontre — « masque ce calque » met la visibilité à faux, et n’a rien à voir avec un masque.",none,True,"18.3,19.3,19.5,19.6,28.4"
canvas,layer.transform,layer_transform,"Déplacer, redimensionner ou tourner un calque","Déplace, redimensionne ou fait tourner un calque dans le cadre. La rotation se donne en degrés, et tout champ omis garde la valeur que le calque avait déjà.",none,True,"18.4,18.5,18.6,18.7"
canvas,layer.editTextLayer,layer_editTextLayer,Régler les mots d’un calque de texte,"Change ce que dit un calque de texte, la police et la taille dans lesquelles il le dit, sa couleur, son alignement et son cadre. Refuse un calque qui porte des pixels plutôt que des mots, que la commande laisserait sinon intact.",none,True,39.6
canvas,layer.reorderInStack,layer_reorderInStack,Réordonner un calque,"Déplace un calque ailleurs dans la pile, et dans un groupe ou hors d’un groupe. L’indice zéro est le bas de la pile, c’est-à-dire ce que l’œil voit en dernier.",none,True,19.4
canvas,layer.duplicate,layer_duplicate,Dupliquer un calque,"Copie un calque juste au-dessus de lui-même, enfants compris, chaque copie recevant un identifiant neuf. Répond avec l’identifiant de la copie. Le FICHIER de l’image se copie par files.duplicate ; ceci copie un calque à l’intérieur.",none,True,39.4
canvas,layer.group,layer_group,Grouper des calques,"Rassemble des calques de premier niveau en un groupe, qui se déplace ensuite d’un bloc. Répond avec l’identifiant du groupe.",none,True,51.1
canvas,layer.ungroup,layer_ungroup,Dissoudre un groupe,Défait un groupe en laissant ses enfants là où le groupe se tenait dans la pile.,none,True,51.2
canvas,layer.mergeDown,layer_mergeDown,Fusionner un calque vers le bas,"Replie un calque dans celui qui est sous lui, à l’intérieur de son propre niveau de pile. Le résultat garde l’identité du calque du dessous.",none,True,51.3
canvas,canvas.resize,canvas_resize,Redimensionner l’image,"Change le cadre de l’image devant. Redimensionne les calques avec lui quand on le demande, et les laisse en place sinon, ce qui est toute la différence entre taille de l’image et taille du canevas.",none,True,39.2
canvas,canvas.setPixelArt,canvas_setPixelArt,Régler le mode pixel art,"Met l’image devant sur une grille de pixel art, ou l’en retire. Avec un nombre de colonnes et de lignes, redimensionne le document pour que l’œuvre mesure exactement cela en cellules. 🛑 Un redimensionnement efface l’historique des pixels — les traits déjà posés restent, mais ⌘Z ne les défait plus. Redimensionner et poser la grille sont DEUX annulations : un premier ⌘Z retire la grille et laisse la taille.",none,True,"68.1,68.9"
canvas,canvas.drawPixels,canvas_drawPixels,Dessiner des pixels,"Pose des cellules sur l’image devant, en une seule fois et une seule annulation — des cellules nommées une à une, une ligne, un rectangle plein ou creux, ou un remplissage. Les coordonnées sont en cellules de la grille, pas en pixels du document.",none,True,"68.3,68.4,68.5,68.6,68.7"
canvas,canvas.crop,canvas_crop,Recadrer l’image,"Referme le cadre sur un rectangle donné en coordonnées du document. Les calques gardent leur place, donc ce qui tombe dehors est ce qui est coupé.",none,True,51.7
canvas,layer.lock,layer_lock,Verrouiller un calque,"Pose ou retire les trois verrous d’un calque, celui de ses pixels, celui de sa place et celui de sa transparence. Ils arrêtent la main sur le canevas. Une valeur écrite par une autre action passe outre, comme elle le fait depuis les panneaux.",none,True,39.5
canvas,layer.editShapeLayer,layer_editShapeLayer,Repeindre une forme,"Change le remplissage, le contour, l’épaisseur du trait et le nombre de côtés d’une forme déjà dessinée, sans la redessiner. Retirer le remplissage et le contour à la fois est refusé, cela ne laisserait rien à voir.",none,True,51.4
canvas,layer.setAdjustmentAmount,layer_setAdjustmentAmount,Régler un calque de correction,"Déplace le cadran que porte un calque de correction — exposition, contraste, saturation ou température. Nommer un autre cadran que le sien est refusé plutôt qu’ignoré en silence.",none,True,51.5
canvas,canvas.flipOrRotate,canvas_flipOrRotate,Retourner ou pivoter l’image,"Reflète l’image selon un axe, ou la fait pivoter d’un quart de tour dans un sens ou dans l’autre. Un quart de tour échange la largeur et la hauteur du cadre, donc un portrait devient un paysage.",none,True,51.8
canvas,layer.setMaskOptions,layer_setMaskOptions,Régler le masque d’un calque,"Dit si un MASQUE — une forme creusée dans une sélection, qu’un calque porte — cache ce qu’il couvre et s’il suit le calque, ou le retire tout à fait. Cacher le calque LUI-MÊME, c’est layer.setOpacityBlendAndVisibility. Un calque qui n’en porte aucun est refusé : creuser un masque appartient au moteur, par la commande qui en fait un depuis la sélection.",none,True,51.6
canvas,guide.add,guide_add,Poser un repère,"Pose un repère vertical ou horizontal à l’endroit donné, en coordonnées du document, et répond l’identifiant qu’il vient de recevoir. Les deux actions voisines le déplacent et le retirent par cet identifiant.",none,True,51.9
canvas,guide.move,guide_move,Déplacer un repère,"Change la place d’un repère, en coordonnées du document, comme le ferait un glissé depuis la règle. Un identifiant que rien ne porte est refusé.",none,True,51.10
canvas,guide.remove,guide_remove,Retirer un repère,"Enlève un repère de l’image, comme le fait un glissé qui le ramène sur sa règle. Retirer tous les repères d’un coup est une commande du registre, à lancer autrement.",none,True,51.11
canvas,img.pin,img_pin,Gérer les commentaires de génération sur l’image,"Ajoute, modifie ou retire une instruction pour la prochaine génération sur l’image devant. Les coordonnées et le polygone facultatif sont en pixels du document. Un identifiant de calque limite une nouvelle note à ce calque ; sans lui, elle porte sur l’image entière. canvas.state rend les commentaires en attente et leurs identifiants.",none,True,"70.1,70.2,70.3,70.4"
montage,sequence.state,sequence_state,Lire le montage en cours d’édition,"Répond le montage en avant — ses réglages, sa durée, la tête de lecture et ce qui est sélectionné — puis chaque piste avec ses clips, leurs bornes, leur entrée dans la source, leur vitesse, leurs fondus et leur niveau. Un champ À SON DÉFAUT est omis, et son absence signifie ce défaut : une piste s’entend et n’est pas verrouillée, un clip va à la vitesse 1 depuis son début, sans fondu et au niveau enregistré.",none,True,1.8
montage,sequence.seek,sequence_seek,Placer la tête de lecture,"Déplace la tête de lecture du montage devant à l’instant donné, en microsecondes. Ce n’est pas une modification, donc rien n’entre dans l’historique et l’annulation ne la ramène pas.",none,True,40.1
montage,clip.add,clip_add,Poser un bloc sur le montage,"Pose un asset de la bibliothèque sur une piste du montage devant, à l’instant donné ou sous la tête de lecture. Ouvre les pistes qui manquent, et lie l’image à son son quand la prise en porte un.",none,True,"15.1,15.2,15.5,16.1,17.1,23.1,24.1,32.1,33.1"
montage,clip.remove,clip_remove,Retirer un bloc du montage,"Enlève un bloc de sa piste, et avec lui la moitié qui lui est liée. La place qu’il occupait reste vide plutôt que de se refermer sur ses voisins.",none,True,40.3
montage,clip.move,clip_move,Déplacer un bloc,"Porte un bloc sur une piste et à un instant donnés, en recouvrant ce qui se trouve là. Une piste verrouillée ou d’une autre nature n’accepte rien.",none,True,"15.4,17.2"
montage,clip.trim,clip_trim,Rogner un bord de bloc,"Tire le point d’entrée ou de sortie d’un clip jusqu’à l’instant donné, jamais au-delà de la source derrière lui. Une image fixe n’a pas de source à dépasser et s’étire librement. « at » est un instant sur la TIMELINE, jamais une durée : pour rallonger un clip de deux secondes, lire son « end » et envoyer cette valeur plus 2000000.",none,True,"15.3,16.5,24.6"
montage,clip.split,clip_split,Couper un bloc en deux,"Coupe un bloc à l’instant donné et laisse les deux moitiés bout à bout. Un instant hors du bloc n’a rien à couper, et se voit refusé plutôt que rapporté comme fait.",none,True,40.2
montage,clip.fade,clip_fade,Régler un fondu de bloc,"Donne au fondu d’entrée ou de sortie d’un BLOC DE MONTAGE la longueur demandée — il faut donc un montage vidéo ou audio ouvert devant. Deux rampes plus longues que le bloc lui-même sont ramenées à ce qu’il peut porter. Pour un fondu dans la cinématique d’une scène 3D, c’est timeline.addSceneCue.",none,True,"16.3,16.4,17.5"
montage,clip.gain,clip_gain,Régler le niveau d’un bloc,"Change le niveau d’un bloc en décibels, zéro laissant la prise telle qu’elle a été enregistrée. La valeur est bornée à ce que la lecture sait tenir.",none,True,"16.2,17.3,17.4,24.7,28.3"
montage,clip.speed,clip_speed,Régler la vitesse d’un bloc,"Change la vitesse de lecture d’un bloc, un pour la vitesse d’origine. La durée sur le montage suit, la source lue restant la même.",none,True,15.6
montage,clip.unlink,clip_unlink,Détacher l’image de son son,"Sépare les deux moitiés d’une prise, de sorte que déplacer, rogner ou couper l’une n’atteigne plus l’autre. Rien ne les relie de nouveau ensuite.",none,True,52.1
montage,clip.select,clip_select,Désigner un bloc,"Désigne le bloc sur lequel l’inspecteur et les gestes sans cible vont porter. Ce n’est pas une modification, et l’annulation ne la reprend pas.",none,False,40.4
montage,track.add,track_add,Ajouter une piste,"Ouvre une piste image ou son sous les autres. Une piste image ne peut rien porter d’un son, et l’inverse est vrai aussi.",none,True,"16.1,17.1,32.1"
montage,track.remove,track_remove,Retirer une piste,"Enlève une piste du montage, et tous les blocs qu’elle portait avec elle. Une piste verrouillée n’est pas retirée.",none,True,40.7
montage,track.reorderTracks,track_reorderTracks,Changer l’ordre des pistes,"Déplace une piste du nombre de rangs donné, ce qui change ce qui recouvre quoi. Les rangs se comptent depuis le HAUT, donc un nombre négatif la monte et un positif la descend — sequence.state les répond dans cet ordre, la première étant la plus haute.",none,True,52.2
montage,track.rename,track_rename,Renommer une piste,"Donne son nom à une piste, celui que porte la colonne des en-têtes. L’identifiant, lui, ne change jamais.",none,True,40.5
montage,track.setMuteSoloLockHeight,track_setMuteSoloLockHeight,Régler comment une piste se travaille,"Change le silence, le solo, le verrou ou la hauteur d’une piste. Ces quatre-là disent comment on travaille et non ce qu’on a fait, et n’entrent donc jamais dans l’historique.",none,True,40.6
material,skybox.state,skybox_state,Lire le ciel en cours d’édition,"Rend le ciel devant — sa source équirectangulaire, ses réglages d’image, la position et la couleur de son soleil, et ce que son environnement éclaire — plus ce qui l’a produit s’il vient d’une génération.",none,True,37.1
material,skybox.setViewportOptions,skybox_setViewportOptions,Régler la façon de regarder un ciel,"Choisit la projection sous laquelle le ciel est dessiné, l’ouverture de l’objectif, et si les objets d’essai s’y tiennent. C’est un état de session, comme toute façon de regarder un document, et rien n’en est enregistré.",none,False,37.7
material,skybox.adjustImage,skybox_adjustImage,Régler l’image d’un ciel,"Change l’exposition, le contraste, la saturation, la température, la teinte, la rotation d’horizon ou le flou. Chaque champ est facultatif, et ce qui n’est pas donné reste tel quel.",none,True,37.5
material,skybox.resetAdjustments,skybox_resetAdjustments,Remettre les réglages d’image à neutre,"Ramène d’un coup tous les réglages d’image du ciel à leur valeur neutre, en une seule entrée d’historique. La source et le soleil ne bougent pas.",none,True,37.6
material,skybox.setSun,skybox_setSun,Placer et régler le soleil,"Change l’élévation, l’azimut, l’intensité ou la couleur du soleil du ciel devant. Les deux angles sont en radians, comme partout dans la scène.",none,True,37.3
material,skybox.setPreviewLighting,skybox_setPreviewLighting,Régler ce que le ciel éclaire,"Change l’intensité de l’éclairage que le ciel donne aux objets d’essai, et décide si l’image est dessinée derrière eux ou se contente de les éclairer.",none,True,37.4
material,skybox.setSourceImage,skybox_setSourceImage,Choisir l’image d’un ciel,"Accroche une image équirectangulaire de la bibliothèque dans le ciel devant. L’asset doit avoir un fichier sur la machine, une image restée dans le nuage n’ayant rien à décoder.",none,True,37.2
material,material.state,material_state,Lire la matière en cours d’édition,"Rend la matière devant — les huit canaux et ce qui les remplit, tous les réglages de rendu comme la couleur, la rugosité et le pavage, et la façon dont l’aperçu est présenté.",none,True,38.1
material,material.setSurfaceSettings,material_setSurfaceSettings,Régler une matière,"Change la teinte, la rugosité, le métal, le relief, l’occlusion, l’émission, le pavage, le décalage ou la rotation de la matière devant. Chaque champ est facultatif.",none,True,38.2
material,material.setPreviewDisplay,material_setPreviewDisplay,Régler l’aperçu d’une matière,"Change l’intensité et la rotation de l’environnement qui éclaire l’aperçu, l’affichage du fond, la rotation automatique et la mise en évidence des coutures.",none,False,38.5
material,material.setPreviewEnvironment,material_setPreviewEnvironment,Choisir ce qui éclaire l’aperçu d’une matière,"Éclaire l’aperçu par le studio procédural, par une image du projet nommée par son identifiant d’asset, ou par un document ciel nommé par son titre — l’aperçu prend alors son image étalonnée et son intensité, comme une scène le fait.",none,True,38.6
material,material.setChannelImage,material_setChannelImage,Remplir ou vider un canal,"Met une image de la bibliothèque dans un des huit canaux de la matière devant. Sans asset nommé, le canal est vidé plutôt que rempli.",none,True,"38.3,38.4"
material,styles.list,styles_list,Lister les styles de matière,"Rend les styles de matière enregistrés, avec leur identifiant, leur nom et les valeurs qu’ils gardent. Ils vivent hors de tout projet et suivent la machine.",none,True,53.1
material,style.save,style_save,Enregistrer la matière comme style,"Enregistre la matière du document devant sous le nom donné. Le nom sert de base, le studio le rendant unique s’il est déjà pris.",none,True,53.2
material,style.rename,style_rename,Renommer un style de matière,"Donne son nom à un style enregistré. Rien d’autre du style ne bouge, et son identifiant reste le même.",none,True,53.3
material,style.remove,style_remove,Supprimer un style de matière,"Retire un style enregistré. Il vit hors de tout projet, donc rien ne le rend — ni l’annulation, ni l’Explorateur.",files,True,53.4
scene,scene.state,scene_state,Lire la scène en cours d’édition,"Répond chaque objet du document 3D en avant — son identifiant, son nom, son type, son parent, sa visibilité et sa transformation, avec la géométrie, la matière ou la lumière qu’il porte — plus ce qui est sélectionné, les plans de caméra et le réglage de la scène. Un champ À SON DÉFAUT est omis, et son absence signifie ce défaut : aucun parent, visible, à l’origine sans rotation ni échelle, la couleur du studio, une forme divisée comme sa sorte l’est toujours. Les mesures ne sont jamais omises. Une liste qui ne tient rien est omise entière. Pour décrire UN objet avec ses composants et ce qu’on peut encore lui ajouter, studio.describe.",none,True,"1.5,1.6,1.7,9.6,12.1,14.4,26.1,26.3,27.1,27.4,71.1"
scene,node.add,node_add,Ajouter un objet à la scène,"Pose une primitive, une lumière, une caméra, un sprite ou un texte dans le document 3D devant, à la position donnée. Répond avec l’identifiant reçu par l’objet à sa naissance. Un modèle du projet, ou celui qu’une génération vient de rendre, entre par node.addModel ; ceci fabrique une primitive.",none,True,"6.1,6.6,6.8,8.1,8.4,9.1,25.1,25.3,31.1,71.5"
scene,node.addModel,node_addModel,Placer un modèle de la bibliothèque,"Pose un modèle 3D de la bibliothèque du projet dans la scène devant, nommé d’après son asset. C’est ainsi qu’une maille générée entre dans une scène.",none,True,"11.1,11.5,22.4,23.2,24.2,31.1"
scene,node.markAsCuttingTool,node_markAsCuttingTool,Marquer des objets comme outils,"Marque des objets de la scène devant, ou la retire avec « negative » à FAUX : un objet marqué est CREUSÉ dans les autres au pli suivant, quel que soit le pli demandé et quel que soit l’ordre des identifiants. Sans marque, la plus grosse forme est la matière.",none,True,"6.14,6.15"
scene,node.combineIntoSolid,node_combineIntoSolid,"Percer, fusionner ou croiser des objets","Plie plusieurs objets de la scène devant en un seul solide. L’ORDRE DES IDENTIFIANTS NE COMPTE PAS : la matière est la plus grosse forme, sauf si « matterId » la nomme, et un objet marqué par « node.markAsCuttingTool » est toujours un outil. Les formes d’origine sont conservées dans le solide et « node.separate » les rend. Répond avec l’identifiant du solide. « intersect » ne garde que ce qu’ils partagent, le chevauchement.",none,True,"6.10,6.11,6.12,6.13,6.14"
scene,node.swapSolidMatterAndTool,node_swapSolidMatterAndTool,Inverser un pli,"Refait le pli d’un solide de la scène devant dans l’autre sens : ce qui avait été creusé devient la matière, et la matière devient l’outil. Pour le pli qui est parti à l’envers, sans annuler.",none,True,6.16
scene,node.separate,node_separate,Séparer un solide,"Défait un solide de la scène devant et rend les formes dont il a été fait, chacune là où elle se trouvait. Répond avec les identifiants des objets rendus.",none,True,6.13
scene,node.remove,node_remove,Retirer un objet,"Sort un objet de la scène devant, avec ce qui pend sous lui. S’annule comme n’importe quelle autre édition de ce document.",none,True,"25.7,29.4,29.5"
scene,node.attach,node_attach,Accrocher un objet à un personnage,"Accroche un objet au point d’attache du personnage dont il dépend — une épée dans la main. Sans point nommé, l’objet suit le personnage entier.",none,True,50.12
scene,node.rename,node_rename,Renommer un objet,"Appelle autrement un objet de la scène devant. L’identifiant ne change pas, donc rien de ce qui le désignait n’est perdu.",none,True,"6.2,6.9,8.2"
scene,node.transform,node_transform,Placer un objet,"Déplace, oriente ou redimensionne un objet. Les rotations sont des angles d’Euler en radians, et tout axe omis garde la valeur que l’objet avait déjà.",none,True,"6.3,6.4,6.5,6.7,7.1,7.2,7.3,7.4,7.5,9.2,9.4,11.2,11.3,22.5,22.6,24.3,25.2,25.4,25.5,25.6,25.8,26.2,28.2,29.1"
scene,node.setVisible,node_setVisible,Montrer ou cacher un objet,"Sort un objet de ce qui est dessiné, ou l’y remet. Il reste dans la scène dans les deux cas, et c’est ce qui distingue cacher de retirer.",none,True,"8.6,8.7"
scene,node.setMeshMaterial,node_setMeshMaterial,Régler la matière d’un objet,"Change la couleur, la rugosité, l’aspect métallique, la densité de tuilage et les cinq cartes d’une maille ou d’un texte. Une carte nommée avec un identifiant vide est une carte retirée. Le tuilage est refusé sur un texte, dont le contour n’est pas une primitive.",none,True,"12.2,12.3,12.4,12.5,12.6,12.7,23.3,24.9"
scene,node.setPrimitiveParameters,node_setPrimitiveParameters,Régler les paramètres d’une primitive,"Change les mesures et les découpages de la forme dont une maille a été construite. Chaque primitive porte les siens, que la lecture de la scène rend — un champ qui n’appartient pas à la forme est refusé plutôt qu’ignoré.",none,True,46.1
scene,node.setShadowCastAndReceive,node_setShadowCastAndReceive,Régler les ombres d’un objet,"Dit si un objet projette une ombre et s’il reçoit celles des autres. Une lumière n’en reçoit aucune, un panneau ne fait ni l’un ni l’autre, et le champ que l’objet ne peut pas porter est refusé.",none,True,10.4
scene,node.setSpriteSettings,node_setSpriteSettings,Régler un panneau,"Change la teinte, l’opacité et l’image d’un panneau, qui fait toujours face à la caméra. Un identifiant vide retire l’image et laisse le carré coloré.",none,True,46.2
scene,node.setTextSettings,node_setTextSettings,Régler un texte 3D,"Change les mots, la police, le corps, l’épaisseur du relief et la finesse des courbes d’un texte. Sa matière se règle par l’action de matière, comme celle d’une maille.",none,True,46.3
scene,node.setPathShape,node_setPathShape,Régler la forme d’un chemin,"Change la tension d’un chemin, de 0 anguleux à 1 arrondi, et le fait qu’il se referme sur lui-même. Ses points de contrôle s’ajoutent, se déplacent et se retirent par les trois actions voisines.",none,True,46.4
scene,path.addPoint,path_addPoint,Ajouter un point à un chemin,"Pose un point de contrôle. Avec des coordonnées, il est ajouté après le dernier, là où il est visé. Avec un rang, il est glissé juste après ce point, à mi-distance du suivant. Sans rien, il prolonge le chemin par le bout.",none,True,46.5
scene,path.movePoint,path_movePoint,Déplacer un point d’un chemin,"Change les coordonnées d’un point de contrôle, dans le repère propre du chemin — bouger le chemin bouge donc toute la trajectoire. Un rang qui ne désigne aucun point est refusé.",none,True,46.6
scene,path.removePoint,path_removePoint,Retirer un point d’un chemin,"Retire un point de contrôle. Un chemin ne descend jamais sous deux points, car un point n’est pas une ligne, et la demande est alors refusée.",none,True,46.7
scene,optimization.analyze,optimization_analyze,Analyser l’optimisation de la scène,"Répond l’analyse déterministe des optimisations possibles sur les objets nommés, ou sur toute la scène si aucun n’est nommé. Ne modifie rien.",none,True,69.1
scene,optimization.report,optimization_report,Lire le rapport d’optimisation,Répond les coûts mesurés de la scène séparément des gains runtime SAFE estimés.,none,True,69.4
scene,optimization.selection,optimization_selection,Optimiser la sélection,Place les objets sélectionnés en optimisation runtime SAFE automatique tout en gardant chaque objet auteur éditable.,none,True,69.2
scene,optimization.world,optimization_world,Optimiser la scène,Place chaque objet en optimisation runtime SAFE automatique sans modifier la scène auteur.,none,True,69.3
scene,optimization.clearCache,optimization_clearCache,Vider le cache d’optimisation,Jette la représentation optimisée du viewport afin qu’elle soit reconstruite depuis l’état auteur.,none,True,69.5
scene,optimization.exclude,optimization_exclude,Exclure des objets de l’optimisation,Conserve les objets logiques nommés individuellement dans le rendu optimisé.,none,True,69.6
scene,optimization.setMode,optimization_setMode,Régler le mode d’optimisation,"Règle Auto, Forcer individuel, Forcer instance, Forcer batch ou Exclure sur les objets nommés.",none,True,69.7
scene,model.setMaterialDocument,model_setMaterialDocument,Habiller un modèle d’une matière,"Fait porter à un modèle importé une matière du projet, nommée par le titre de son document. Le modèle suit ensuite cette matière, si bien qu’en éditer un canal ou un réglage le repeint, sans rien redemander ici. Un titre vide la lui retire, et il retrouve ce que son propre fichier porte.",none,True,"12.8,12.9,12.11"
scene,model.setBaseColorImage,model_setBaseColorImage,Recouvrir un modèle d’une image,"Pose une seule image du projet sur tout un modèle importé, comme sa couleur de base — la façon simple de l’habiller. Elle exclut les matières : un modèle recouvert d’une image ne porte plus aucune matière, et l’inverse. Aucun autre canal n’en est déduit. Sans image, l’habillage est retiré et le modèle retrouve ce que son propre fichier porte.",none,True,12.10
scene,node.setLightSettings,node_setLightSettings,Régler une lumière,"Change tout ce que porte la sorte de lumière visée — sa couleur, son intensité, sa portée, son atténuation, l’ouverture et le fondu de son cône, sa cible, et les deux couleurs d’une lumière hémisphérique. Un champ que la sorte ne porte pas est refusé. Un halo, un bloom ou tout autre effet n’est pas une lumière : post.set écrit un paramètre d’un effet et post.reset le remet.",none,True,"8.3,8.5,24.4,26.4,26.5"
scene,node.setCameraLens,node_setCameraLens,Régler l’objectif d’une caméra,"Change l’angle de vue et les distances proche et lointaine d’une caméra. Où elle se tient se règle par la transformation, comme pour n’importe quel objet.",none,True,9.5
scene,camera.addShot,camera_addShot,Mettre une caméra à l’antenne,"Ouvre un plan pour cette caméra, à partir de l’instant donné en secondes, et répond son identifiant. La ligne où il se pose suit la règle de la bande, où une caméra qui n’y figurait pas encore arrive au-dessus. Une caméra qui a un plan est la caméra ACTIVE, celle par laquelle la scène est vue.",none,True,9.3
scene,camera.bindPathToShot,camera_bindPathToShot,Faire courir une caméra sur un chemin,"Lie un chemin au plan désigné, que la caméra parcourt alors pendant toute la durée du plan, à vitesse régulière le long de sa longueur. Sans chemin, le plan ne déplace plus la caméra. Un départ plus grand que l’arrivée fait rouler le chemin à l’envers.",none,True,47.2
scene,camera.createAndBindPath,camera_createAndBindPath,Poser un chemin sous une caméra,"Crée un chemin là où la caméra se tient, orienté dans sa ligne de visée, et le lie au plan en un seul geste. L’action voisine lie un chemin qui existe déjà, quand celle-ci en fabrique un — un chemin ne conduit rien sans un plan pour le parcourir.",none,True,"47.1,47.2"
scene,camera.reorder,camera_reorder,Changer le rang d’une caméra sur la bande,"Monte ou descend la ligne d’une caméra, ce qui décide de ce que le film regarde quand deux plans se recouvrent. Le nombre est un nombre de rangs, négatif pour descendre, et la réponse dit de combien la ligne a pu bouger.",none,True,47.3
scene,camera.aimShotAt,camera_aimShotAt,Donner une cible à une caméra,"Oriente la caméra du plan désigné vers un objet — qu’elle suit même s’il est animé — ou vers un point fixe. Sans objet ni point, la caméra reste orientée par sa seule rotation.",none,True,"9.3,9.4,14.2,24.5,24.8"
scene,node.reparent,node_reparent,Rattacher un objet,"Accroche un objet sous un autre, ou sous la scène elle-même quand aucun parent n’est donné, et le place où on veut parmi ses nouveaux voisins. Donner une place sans donner de parent remonte donc l’objet à la scène : répéter le parent pour ne changer que la place. L’objet garde sa transformation, qui se lit alors relativement à son nouveau parent.",none,True,"46.8,46.9"
scene,node.select,node_select,Sélectionner des objets,"Fait de ces objets la sélection que lit l’inspecteur et que déplace le manipulateur. Une sélection n’est pas une édition, donc rien ne s’ajoute à l’historique.",none,False,28.1
scene,view.direction,view_direction,Regarder la scène depuis une face,"Place la caméra de la vue principale face au dessus, au dessous, à l’avant, à l’arrière, à la gauche ou à la droite de la scène. C’est un déplacement, donc rien ne s’ajoute à l’historique.",none,False,47.4
scene,view.setDisplayMode,view_setDisplayMode,Choisir la façon de dessiner la scène,"Passe la vue principale en ombré, en fil de fer, en matière seule ou dans l’une des autres façons de dessiner. La commande de menu ne fait que tourner d’une à l’autre, quand celle-ci nomme laquelle.",none,False,"47.5,71.2"
scene,scene.capture,scene_capture,Prendre une image de la vue 3D,"Écrit une image de ce que la vue montre dans les images du projet, à la définition demandée. Le cadrage ne change jamais — seul le nombre de pixels bouge, sinon la capture montrerait autre chose que l’écran.",none,True,"47.6,71.4"
scene,world.applyPreset,world_applyPreset,Appliquer un décor tout prêt,"Règle d’un coup l’éclairage, le fond, la brume et le rendu d’une scène pour un genre de rendu. Chaque décor n’écrit que les champs dont il parle et laisse le reste tel quel, donc un sol allumé le reste.",none,True,48.1
scene,world.setSceneLighting,world_setSceneLighting,Choisir ce qui éclaire la scène,"Éclaire la scène par le studio procédural, par une image du projet nommée par son identifiant d’asset, ou par un document ciel nommé par son titre — la scène prend alors son image étalonnée, son soleil et son intensité. Règle aussi l’intensité de cet éclairage et sa rotation autour de la verticale, posées par-dessus.",none,True,"10.2,10.3,10.7,23.2,27.3,31.1"
scene,world.setBackground,world_setBackground,Choisir ce qui est derrière la scène,"Pose derrière la scène l’environnement lui-même, une couleur unie, ou rien du tout — ce dernier cas laissant le fond transparent, ce que veut une capture destinée à être posée sur autre chose.",none,True,10.6
scene,world.setFog,world_setFog,Régler la brume de la scène,"Éteint la brume, la fait fondre entre deux distances, ou l’épaissit avec la profondeur. La couleur et les distances ne valent que pour la forme choisie, et sont laissées telles quelles sinon.",none,True,48.2
scene,world.setGroundPlane,world_setGroundPlane,Régler le sol de la scène,"Montre ou masque le sol que la scène possède, et règle sa couleur, son côté, son opacité et si les ombres s’y posent. C’est ainsi qu’un sol s’AJOUTE à une scène : une surface ajoutée comme objet reste un objet parmi les autres, pas le sol. Ce sol appartient au document, contrairement à la grille, qui est un réglage de l’application.",none,True,48.3
scene,world.setLayers,world_setLayers,Remplacer les couches de relief et de semis,Remplace la liste complète et validée des couches de relief et de semis de la scène. Lire d’abord les couches présentes avec scene.state avant d’en modifier une.,none,True,48.5
scene,world.setToneMapping,world_setToneMapping,Régler le rendu de la scène,"Choisit comment la plage dynamique est ramenée sur l’écran, et de combien de diaphragmes elle est exposée. Les deux appartiennent au document, pas à la fenêtre qui le regarde.",none,True,48.4
post,post.state,post_state,Lire la composition de post-traitement,"Rend la pile d’effets que la scène — ou la caméra nommée — filme à travers, avec l’identifiant de chaque instance, l’effet qu’elle est, ses paramètres, si elle est active, et si la chaîne la laisse de côté.",none,True,59.1
post,post.add,post_add,Ajouter un effet de post-traitement,"Pose un effet du catalogue au bout de la pile, sur ses valeurs par défaut. Sans caméra nommée c’est la composition de la scène qui reçoit, celle que le viewport montre déjà.",none,True,"59.2,59.8"
post,post.remove,post_remove,Retirer un effet de post-traitement,"Enlève une instance de la pile, et avec elle les canaux de la timeline qui la pilotaient — laissés là, ils viseraient un effet que plus rien n’atteint.",none,True,59.5
post,post.move,post_move,Déplacer un effet dans la pile,"Change la place d’une instance dans la chaîne, ce qui change l’image obtenue — un étalonnage avant un halo lumineux ne donne pas la même chose qu’après lui.",none,True,59.8
post,post.set,post_set,Régler un paramètre d’un effet,"Écrit une valeur sur un paramètre d’une instance, tenue aux bornes que le catalogue déclare pour ce paramètre. Le champ à remplir dépend de sa nature — un nombre, un interrupteur ou un mot.",none,True,59.3
post,post.setEffectEnabled,post_setEffectEnabled,Activer ou désactiver un effet,"Coupe une instance sans la retirer, ce qui la sort du calcul et non seulement de l’image. Ses paramètres restent où ils sont, prêts à être rallumés.",none,True,59.4
post,post.setWholeStackEnabled,post_setWholeStackEnabled,Couper toute la composition,"Éteint ou rallume la pile entière d’un coup, sans rien perdre — le Avant/Après, en une valeur du document que ⌘Z sait reprendre.",none,True,59.7
post,post.applyPreset,post_applyPreset,Appliquer un préréglage de post-traitement,"Remplace la pile par une composition prête — un ensemble d’effets, dans un ordre, sur des valeurs qui vont ensemble. Le document reçoit la pile elle-même, jamais une référence au préréglage.",none,True,"59.6,59.12,59.17"
post,post.listPresets,post_listPresets,Lister les préréglages de post-traitement,"Rend les compositions prêtes que le studio fournit et celles enregistrées sur cette machine, avec leur nom. C’est à cette liste que post.applyPreset sait répondre.",none,True,59.17
post,post.duplicate,post_duplicate,Dupliquer un effet de post-traitement,"Pose une copie de l’effet juste après lui, sur les mêmes valeurs et sous une identité neuve. Refusé pour un effet dont une seconde instance ne veut rien dire — un anticrénelage, une occlusion.",none,True,59.13
post,post.reset,post_reset,Réinitialiser un effet de post-traitement,"Ramène tous les paramètres de cet effet à ce que le catalogue déclare, sans le retirer de la pile ni toucher à sa place.",none,True,59.14
post,post.addKeyframe,post_addKeyframe,Poser une clé sur un paramètre de post-traitement,"Ouvre un canal d’animation sur ce paramètre s’il n’en a pas, et y pose une clé à la tête. La valeur donnée est celle qu’on veut VOIR, et l’écart avec la pile est calculé ici.",none,True,59.15
post,post.removeKeyframe,post_removeKeyframe,Retirer une clé de post-traitement,"Retire la clé posée à la tête sur ce paramètre. Le canal reste en place, comme lorsqu’on retire une clé depuis la bande.",none,True,59.16
post,post.savePreset,post_savePreset,Enregistrer la composition comme préréglage,"Garde la pile en cours sous un nom, sur cette machine. Rien n’est écrit dans le document ni dans le projet.",none,True,59.18
post,post.renamePreset,post_renamePreset,Renommer un préréglage enregistré,"Change le nom d’un préréglage de cette machine, désigné par son identifiant ou par son nom actuel. Ce qu’il contient ne bouge pas.",none,True,59.19
post,post.deleteSavedPreset,post_deleteSavedPreset,Oublier un préréglage enregistré,"Retire de cette machine un préréglage enregistré. Les compositions déjà appliquées ne changent pas, un document tenant sa pile plutôt qu’une référence.",studio,True,59.20
post,post.setCameraStackMode,post_setCameraStackMode,Dire ce qu’une caméra fait du post-traitement,"Choisit si cette caméra suit la composition de la scène, porte la sienne, ou n’en applique aucune. Passer à la sienne la démarre sur ce qu’elle filmait déjà.",none,True,"59.9,59.10,59.11"
rig,rig.state,rig_state,Lire le squelette d’un personnage,"Rend les os d’un modèle avec leurs rôles, les poignées que ses articulations atteignent, les blocs posés sur sa bande, et ce que le moteur a mesuré de la maille.",none,True,50.1
rig,rig.fit,rig_fit,Rendre un modèle animable,"Pose sur la maille le squelette que le studio ajuste à ce qu’il en a mesuré. Refuse tant que le moteur n’a pas lu le modèle, ce qui est une attente et non une faute.",none,True,50.2
rig,rig.clear,rig_clear,Retirer le squelette d’un modèle,"Rend le modèle à son état de maille, sans os ni poignées. Le geste s’annule comme tous les autres de la scène.",none,True,50.10
rig,rig.configureHands,rig_configureHands,Ajouter les os des doigts,"Pose les trente os de doigts au repos sur les mains que le squelette porte déjà. Sans mains reconnues, rien n’est écrit.",none,True,50.3
rig,bone.add,bone_add,Ajouter un os,"Accroche un os sous celui qui est nommé, exactement à sa place — le manipulateur est ce qui le met où il doit aller. Son nom est composé de celui du parent.",none,True,50.4
rig,bone.remove,bone_remove,Retirer un os,"Sort un os du squelette et raccroche ses enfants là où il était accroché, de sorte qu’un coude s’en aille et que la main reste.",none,True,50.7
rig,bone.rename,bone_rename,Renommer un os,"Change le nom d’un os, ses enfants suivant tout seuls. Un nom déjà pris est refusé plutôt qu’écrit à moitié.",none,True,50.5
rig,socket.add,socket_add,Poser un point d’attache,"Pose sur un os du personnage devant un point qu’un objet d’une scène peut suivre — une main, un dos. Le point vit dans le fichier du personnage.",none,True,50.11
rig,socket.remove,socket_remove,Retirer un point d’attache,Retire un point d’attache du personnage devant. Ce qui le suivait retombe sur le personnage lui-même.,none,True,50.13
rig,bone.setRole,bone_setRole,Dire quelle articulation un os EST,"Rattache un os à l’une des articulations du standard humanoïde, ou à aucune quand le rôle est laissé vide. L’os qui tenait ce rôle le perd dans le même mouvement.",none,True,50.6
rig,ik.add,ik_add,Poser une poignée sur une articulation,"Ajoute une poignée qu’une articulation atteint, et la chaîne qui la suit — les deux os au-dessus tournent pour l’accompagner, ce qui pose un pied au sol ou une main sur une prise.",none,True,50.8
rig,ik.remove,ik_remove,Retirer une poignée,"Enlève une chaîne et la poignée qu’elle atteignait, toutes les deux, car une poignée laissée derrière serait un os que rien ne pilote.",none,True,50.9
rig,animations.list,animations_list,Lister ce qu’un personnage peut jouer,"Répond les trois provenances d’un mouvement — les clips que le fichier du modèle porte, les animations livrées avec le studio, et celles que la bibliothèque du projet garde. C’est ce qui répond à « quelles animations porte cette scène » ; les clés d’une bande se lisent avec scene.state.",none,True,49.1
rig,animation.reopenMotion,animation_reopenMotion,Rouvrir un mouvement de personnage,Remplace l’atelier d’animation par le mouvement enregistré dans un asset d’animation pour le modèle nommé. L’asset doit porter des données de mouvement créées par ce studio.,none,True,
rig,animation.addBlock,animation_addBlock,Poser un bloc d’animation,"Pose sur la bande d’un personnage un mouvement venu de l’une des trois provenances. L’identifiant nomme un asset de la bibliothèque, le nom nomme les deux autres, et un seul des deux appartient à un appel. La bande est créée si le personnage n’en avait aucune.",none,True,13.5
rig,animation.removeBlock,animation_removeBlock,Retirer un bloc d’animation,"Enlève un bloc de la bande, où qu’il se trouve. La bande reste, vide s’il le faut.",none,True,13.6
rig,animation.setBlockSettings,animation_setBlockSettings,Régler un bloc d’animation,"Change la place d’un bloc sur la bande, son départ à l’intérieur du mouvement, sa vitesse, sa boucle, la longueur de ses fondus, ce qu’il fait du déplacement de la racine et la partie du corps qu’il pilote. Le bloc est réécrit sur place, les autres couches restant intactes.",none,True,49.2
rig,animation.setBandLengthAndRate,animation_setBandLengthAndRate,Régler la bande d’animation,"Change la durée de la bande, sa cadence en images par seconde, ou les deux. Ce qui n’est pas nommé n’est pas touché.",none,True,13.1
rig,animation.autoKey,animation_autoKey,Activer la pose automatique de clés,"Décide si déplacer un os écrit une clé au passage. C’est un état de session, comme toute façon de regarder une scène, et rien n’en est enregistré avec le document.",none,False,49.3
rig,key.writePoseKeys,key_writePoseKeys,Poser une clé sur un sujet,"Écrit une clé sur chaque canal d’un objet ou d’un os, à l’instant donné ou à la tête de lecture, en tenant la pose affichée à la tête de lecture — celle que node.transform a posée. Sur un objet animé, node.transform pose une clé à la tête de lecture elle-même ; pour poser un autre instant, y écrire la clé d’abord, puis placer l’objet avec la tête dessus. Les canaux qui manquent sont ouverts au passage, puisque exiger une piste d’abord serait réclamer ce qui se tient déjà dans la vue.",none,True,"13.2,13.3,13.4,14.1,14.3"
rig,key.removeSubjectKeys,key_removeSubjectKeys,Retirer les clés d’un sujet,"Reprend la clé que chaque canal d’un objet ou d’un os tient à cet instant. Sans ce geste une pose serait sans retour, et rien d’autre du panneau n’en enlève une.",none,True,49.4
rig,key.writeKeysOnOpenChannels,key_writeKeysOnOpenChannels,Poser une clé sur tout ce qui est animé,"Écrit une clé sur chaque canal déjà ouvert de la scène, à l’instant donné ou à la tête de lecture. N’en ouvre aucun, ce qui distingue ce geste de la pose sur un sujet.",none,True,49.5
rig,key.move,key_move,Déplacer une clé,"Fait glisser une clé le long de son canal, en gardant sa valeur. Une clé qui arrive sur un instant qu’une autre occupe la remplace, deux clés sur une image étant un état qu’aucune lecture ne saurait relire.",none,True,49.6
rig,channel.remove,channel_remove,Retirer un canal d’animation,Enlève un canal et les clés qu’il portait. Un canal verrouillé est refusé plutôt que laissé en place en silence.,none,True,13.6
rig,channel.setMuteSoloLock,channel_setMuteSoloLock,Régler les fanions d’un canal,"Rend un canal muet, le met en solo, ou le verrouille. C’est une façon de travailler et non une modification du document, donc rien ne s’ajoute à l’historique.",none,False,49.7
git,git.status,git_status,Lire l’état des versions du dépôt,"Rend la branche, ce qu’elle suit, son avance ou son retard, et chaque fichier modifié avec la moitié de git où il se trouve. Dit aussi quand le projet n’a aucun dépôt. Ce qui a changé DANS un fichier est git.diff ; ceci ne fait que nommer les fichiers.",none,True,58.1
git,git.log,git_log,Lire l’historique,"Rend une page de versions enregistrées, de la plus récente à la plus ancienne, toutes branches confondues, avec les noms qui pointent sur chacune. Ce qui a changé dans un fichier entre deux versions est git.diff.",none,True,58.2
git,git.listCommitFiles,git_listCommitFiles,Lire ce qu’une version a changé,"Rend les fichiers qu’une version enregistrée a touchés, et comment chacun l’a été — ajouté, modifié, supprimé ou renommé.",none,True,58.3
git,git.diff,git_diff,Lire ce qui a changé dans un fichier,"Rend la modification à l’intérieur d’un fichier, dans une version enregistrée, ou contre la dernière quand aucune version n’est nommée.",none,True,58.4
git,git.branches,git_branches,Lister les branches,"Rend toutes les branches du dépôt du projet, en disant laquelle est active.",none,True,58.5
git,git.stashes,git_stashes,Lister les remises,"Rend ce qui a été remisé, de la plus récente à la plus ancienne, pour qu’un client puisse en reprendre une par sa place dans la liste.",none,True,58.6
git,git.init,git_init,Commencer à enregistrer les versions,"Lance git init sur le projet ouvert et écrit son fichier d’exclusions, puis répond l’état qu’il a laissé. Ne fait rien à un projet qui enregistre déjà.",none,True,58.7
git,git.stage,git_stage,Indexer des fichiers,"Fait passer des modifications dans ce que portera la prochaine version enregistrée. Répond avec l’état laissé, donc rien n’est à relire.",none,True,58.8
git,git.unstage,git_unstage,Désindexer des fichiers,"Ressort des modifications de ce que portera la prochaine version enregistrée, sans toucher aux fichiers eux-mêmes.",none,True,58.9
git,git.restore,git_restore,Abandonner les modifications de fichiers,"Remet des fichiers tels que la dernière version enregistrée les porte. Ce qui n’a jamais été enregistré est perdu, et aucune annulation du studio ne l’atteint.",files,True,58.10
git,git.commit,git_commit,Enregistrer une version,"Enregistre ce qui est indexé, sous un message. Peut corriger la dernière version au lieu d’en ajouter une, ce qui la réécrit plutôt que de la suivre.",none,True,58.11
git,git.createBranch,git_createBranch,Créer une branche,Démarre une branche à la version courante et bascule dessus. La copie de travail est laissée exactement telle quelle.,none,True,58.12
git,git.checkout,git_checkout,Changer de branche,Bascule sur une autre branche en réécrivant la copie de travail. Un document ouvert dans un onglet devient alors un document dont le fichier a changé sous lui.,files,True,58.13
git,git.stash,git_stash,Remiser les modifications en cours,Remise les modifications de la copie de travail et la ramène à la dernière version enregistrée. Les modifications quittent alors le disque.,files,True,58.14
git,git.stashPop,git_stashPop,Reprendre une remise,Remet un jeu de modifications remisées dans la copie de travail et le retire de la pile. Des fichiers sont donc réécrits.,files,True,58.15
git,git.tag,git_tag,Étiqueter une version,"Pose un nom sur une version enregistrée, pour la retrouver sans son empreinte.",none,True,58.17
git,git.stashDrop,git_stashDrop,Jeter une remise,"Supprime une remise de la pile sans la réappliquer. Ce qu’elle portait n’a jamais été enregistré, donc rien ne le rend.",files,True,58.16
git,git.resolve,git_resolve,Trancher un conflit de fusion,Retient un des deux côtés d’un conflit pour les fichiers nommés. Ce que l’autre côté portait disparaît de la copie de travail.,files,True,58.18
git,git.abortMerge,git_abortMerge,Abandonner la fusion en cours,"Ramène le dépôt là où il était avant la fusion, en défaisant ce qu’elle avait déjà écrit dans la copie de travail.",files,True,58.19
git,git.remotes,git_remotes,Lister les dépôts distants,"Rend les dépôts distants déclarés, avec leur nom et leur adresse. C’est ce vers quoi un envoi partirait.",none,True,58.20
git,git.addRemote,git_addRemote,Déclarer un dépôt distant,"Ajoute un dépôt distant sous le nom donné. Rien n’est envoyé ni rapatrié par ce seul geste, qui écrit dans la configuration locale.",none,True,58.21
git,git.fetch,git_fetch,Rapatrier les références distantes,"Va lire où en est le dépôt distant, sans rien changer à votre copie de travail et sans rien publier. C’est la moitié inoffensive d’un rapatriement.",none,True,58.22
git,git.pull,git_pull,Rapatrier et fusionner,"Rapatrie le dépôt distant et fusionne dans la branche courante, ce qui réécrit la copie de travail. Un conflit s’arrête et se tranche ensuite. Quand on demande seulement ce que le distant porte, c’est le mauvais appel : git.fetch le lit sans toucher à la copie de travail.",files,True,58.23
git,git.push,git_push,Publier vers le dépôt distant,"Envoie la branche courante vers le dépôt distant. C’est le seul geste du studio qui sorte de cette machine, et rien ici ne le rattrape.",remote,True,58.24
game,component.attach,component_attach,Attacher un composant,"Donne à un objet de la scène quelque chose à FAIRE pendant la partie — sa santé, son mouvement. C’est ainsi qu’un objet se met à bouger tout seul : node.transform le pose une fois quelque part et il y reste. Refusé si l’objet en porte déjà un de ce type.",none,True,60.1
game,component.detach,component_detach,Détacher un composant,Retire d’un objet de la scène le composant du type nommé. Refusé si l’objet ne le porte pas.,none,True,60.4
game,component.setProperties,component_setProperties,Régler un composant,Écrit un champ d’un composant que l’objet porte. Un champ que le composant ne déclare pas est ignoré.,none,True,"60.2,60.3"
play,play.start,play_start,Lancer la partie,"Démarre le jeu sur la scène affichée. Rend la main aussitôt, et l’état se lit avec runtime.report.",none,False,61.1
play,play.stop,play_stop,Arrêter la partie,Arrête le jeu et remet la scène telle qu’elle était éditée.,none,False,61.7
play,play.pause,play_pause,Mettre la partie en pause,Suspend le jeu sans le quitter. Requis avant play.step.,none,False,61.3
play,play.resume,play_resume,Reprendre la partie,"Repart d’où la pause a laissé le jeu, sans rattraper le temps arrêté.",none,False,61.5
play,play.step,play_step,Avancer d’un pas,"Fait avancer une partie EN PAUSE d’un ou plusieurs pas fixes, puis rend l’état. C’est ainsi qu’on observe sans course.",none,True,61.4
play,play.loadScene,play_loadScene,Envoyer la partie dans une autre scène,"Charge une autre scène du projet dans la partie en cours, avec un fondu facultatif. La scène se nomme par son titre ou son identifiant.",none,True,64.1
play,runtime.report,runtime_report,Lire l’état de la partie,"Rend le tick, la cadence, le nombre d’entités, le compte d’erreurs et les dernières lignes du journal.",none,True,61.2
play,runtime.errors,runtime_errors,Lire les fautes de la partie,"Rend les fautes ADRESSABLES — la référence du script, celle de l’entité, la ligne et la colonne.",none,True,61.6
script,script.list,script_list,Lister les scripts,"Rend tous les scripts du projet, avec leur référence et leur longueur.",none,True,61.8
script,script.read,script_read,Lire un script,"Rend le texte d’un script du projet, y compris ce qui n’est pas encore enregistré.",none,True,61.9
script,script.write,script_write,Écrire un script,"Écrit un script dans le projet. Refusé, avec la ligne, si le fichier ne compile pas.",files,True,61.10
studio,studio.describe,studio_describe,Décrire ce qui est en face,"Rend la scène, un objet, ses composants avec leur schéma, ses relations et ce qu’on peut encore lui ajouter.",none,True,61.11
studio,studio.docs,studio_docs,Lire les réglages documentés d’un composant ou d’un script,"Rend la tranche de documentation qui répond à une question — un composant, ou la surface qu’un script voit.",none,True,61.12
studio,studio.batch,studio_batch,Enchaîner des appels,"Exécute une suite d’appels comme un seul, avec une seule question. S’arrête au premier refus.",none,True,61.13
timeline,timeline.addSceneCue,timeline_addSceneCue,"Poser un événement, un média ou un fondu sur la timeline","Ajoute un événement, un son, une vidéo ou une transition à la timeline de la SCÈNE 3D. Un événement est un NOM diffusé sur le bus au moment dit, qu’un script entend par onMessage — c’est ainsi qu’on fait arriver quelque chose à un instant de cinématique, plutôt qu’en posant des clés d’animation. Un fondu de cinématique se pose ici, avec list=transitions et what=fade. Ce que le troisième champ désigne dépend de la liste — un nom d’événement, un identifiant d’asset, ou un genre de transition. Pour un fondu sur un bloc de montage, c’est clip.fade.",none,True,"62.1,62.2,64.2"
timeline,timeline.removeSceneCue,timeline_removeSceneCue,Retirer un repère de la timeline,"Retire un repère de la timeline de la SCÈNE 3D — un événement, un son, une vidéo ou une transition, dont un fondu de cinématique. L’identifiant se lit dans le membre cues que scene.state rend, jamais ailleurs. Pour retirer un fondu d’un bloc de montage, c’est clip.fade avec une longueur nulle.",none,True,62.3
timeline,timeline.setPanelRows,timeline_setPanelRows,Choisir ce que la timeline offre,"Décide quelles rangées le panneau propose. Ne retire jamais rien au moteur, qui joue toute la timeline quoi qu’il arrive.",none,True,62.4
assembly,game.applyTemplate,game_applyTemplate,Poser un modèle de jeu,"Pose dans la scène ouverte le sol, le personnage et les objets d’un genre de jeu, et règle la caméra et la pesanteur avec. Une seule annulation défait tout.",none,True,"63.1,63.2"
assembly,prefab.define,prefab_define,Nommer un prefab,"Inscrit une scène du projet dans game.json comme pièce réutilisable, sous le nom donné. Sans document, c’est la scène en face.",none,True,63.3
assembly,prefab.instantiate,prefab_instantiate,Instancier un prefab,"Pose dans la scène ouverte les objets d’un autre document de scène du projet, avec des identifiants neufs, à l’endroit demandé. Une partie déjà EN COURS s’envoie dans une autre scène par play.loadScene, ce que ceci ne fait pas.",none,True,"63.4,63.5"
export,game.export,game_export,Exporter le jeu,"Écrit dans un dossier un jeu qui tourne dans un navigateur sans le studio, avec la page, le runtime, les scènes, les scripts transpilés et les seuls assets qu’ils atteignent.",none,True,65.1
project,inputMaps.list,inputMaps_list,Lister les cartes de contrôles,"Liste les cartes de contrôles du projet, avec les liaisons clavier et manette. Ne change rien.",none,True,72.1
project,inputMap.read,inputMap_read,Lire une carte de contrôles,"Lit une carte de contrôles du projet par son chemin, avec ses actions nommées et ses liaisons clavier ou manette.",none,True,72.2
project,inputMap.write,inputMap_write,Écrire une carte de contrôles,Écrit une carte de contrôles validée dans le projet. Cela modifie un fichier du projet.,files,True,72.3
project,animationGraphs.list,animationGraphs_list,Lister les graphes d’animation,Liste les fichiers de graphes d’animation du projet. Ne change rien.,none,True,72.4
project,animationGraph.read,animationGraph_read,Lire un graphe d’animation,"Lit un graphe d’animation par son chemin, avec ses états, transitions et paramètres.",none,True,72.5
project,animationGraph.write,animationGraph_write,Écrire un graphe d’animation,Écrit un graphe d’animation validé dans le projet. Cela modifie un fichier du projet.,files,True,72.6
project,animation.retargetStatus,animation_retargetStatus,Lire le retargeting d’une animation,"Lit l’adaptation d’un mouvement au personnage choisi, avec les articulations absentes de chaque squelette.",none,True,72.7
context,context.readProjectCards,context_readProjectCards,Lire le contexte du projet,"Répond les fiches de contexte — ce que la PERSONNE a dit de ce projet — avec leur titre, leur texte et si elles s’appliquent.",none,True,57.3
context,context.writeProjectCard,context_writeProjectCard,Écrire une fiche de contexte,"Écrit ce que la PERSONNE dit que le projet EST ou VISE, dans son ensemble, en fiche durable relue à chaque tour. Une règle de travail sur la façon dont une chose se fait ici — comment les caméras bougent, comment les fichiers se nomment — est un souvenir : memory.write.",none,True,57.4
context,context.deleteProjectCard,context_deleteProjectCard,Supprimer une fiche de contexte,"Retire du contexte du projet la fiche que désigne un identifiant — ce que la personne a dit, dédit. Son texte est perdu.",files,True,57.5
memory,memory.recall,memory_recall,Retrouver ce qui a été appris,"Cherche ce que l’assistant a CONSTATÉ en travaillant et répond les résumés trouvés, avec leurs identifiants. Ce que la personne dit du projet vit dans les fiches de contexte.",none,True,67.2
memory,memory.read,memory_read,Lire une mémoire en entier,Répond le DÉTAIL d’un souvenir — ce à quoi il se rapporte et d’où il vient — à partir d’un identifiant que memory.recall a rendu. Le rappel donne les résumés ; ceci est ce que « donne-moi le détail » demande.,none,True,67.3
memory,memory.write,memory_write,Retenir quelque chose du projet,"Note une règle de travail de ce projet, ou ce que l’assistant a constaté en agissant — comment une chose se fait ici, à quoi sert un fichier ou un objet. Ce que la personne dit que le projet EST ou VISE est une fiche de contexte. Remplace celui qui portait déjà la même référence.",files,True,"67.1,67.5"
memory,memory.forget,memory_forget,Oublier une mémoire,Marque comme oublié ce que l’assistant avait constaté. Rien n’est effacé du fichier : ce qui a été appris reste traçable.,files,True,67.4
memory,memory.link,memory_link,Relier deux mémoires,"Ajoute un lien d’une mémoire vers une autre, pour dire que l’une éclaire l’autre.",files,True,67.5
settings,settings.read,settings_read,Lire les réglages,"Répond { settings, choices } : sous settings, tous les réglages du studio, section par section ; sous choices, ce que chaque réglage à liste fermée accepte, avec son titre et son aide. Ce que la vue DESSINE vit ici — la grille, les ombres, les repères — comme les unités, le thème et la langue. Aucune action de scène ne les active.",none,True,57.1
settings,settings.write,settings_write,Changer les réglages,"Écrit un ou plusieurs réglages, section par section. C’est ainsi que la grille et les ombres s’activent ou se règlent — les lire d’abord, un changement qui ne nomme rien de connu étant refusé plutôt qu’écrit à l’aveugle. Ce qui n’est pas nommé est laissé tel quel.",studio,True,"10.1,10.4,10.5"
settings,accounts.list,accounts_list,Lister les comptes,"Rend les comptes de génération que porte ce studio, en disant lequel est actif et lesquels peuvent être renommés ou retirés. Aucune clé ni aucun secret n’est jamais rendu.",none,True,43.8
settings,accounts.activate,accounts_activate,Changer de compte,Fait de l’un des comptes détenus celui par lequel le studio génère. Tout ce qui part ensuite le fait avec ses identifiants.,studio,False,43.9
settings,accounts.rename,accounts_rename,Renommer un compte,"Change l’étiquette sous laquelle un compte apparaît dans le studio. Ni la clé ni le secret ne traversent cette frontière, dans un sens comme dans l’autre.",studio,True,43.10
settings,settings.triggerAction,settings_triggerAction,Actionner un bouton des réglages,"Déclenche l’un des boutons de la fenêtre des réglages — révéler un fichier, ouvrir les outils de développement, copier la commande de connexion, installer la passerelle, tout remettre à zéro. Les deux derniers laissent quelque chose derrière eux et sont demandés à l’écran.",none,True,57.2
shell,auth.state,auth_state,Savoir si le studio est connecté,"Dit si une clé API est en place et sur quel compte le studio travaille. Ne rend jamais la clé elle-même, qui ne quitte pas le processus principal.",none,True,43.6
shell,window.state,window_state,Lire l’état de la fenêtre,"Rend la taille de la fenêtre, si elle est agrandie ou en plein écran, et la langue dans laquelle elle dessine — celle que le processus principal a réellement retenue.",none,True,55.1
shell,window.fullScreen,window_fullScreen,Basculer le plein écran,"Fait entrer la fenêtre en plein écran, ou l’en fait sortir. C’est un basculement, il n’y a pas de façon de demander l’un des deux états.",none,True,55.2
shell,settings.open,settings_open,Ouvrir les réglages sur une section,"Ouvre la fenêtre des réglages sur la section demandée, ou l’y amène si elle est déjà ouverte. Lire et écrire un réglage ne demande pas de l’ouvrir.",none,False,55.3
shell,updates.state,updates_state,Lire l’état des mises à jour,"Dit où en est la mise à jour de l’application — rien en vue, en cours de téléchargement, ou prête à s’installer à la prochaine fermeture. updates.install est ce qui l’installe et redémarre le studio.",none,True,56.1
shell,media.capabilities,media_capabilities,Savoir ce que le studio sait décoder,"Dit de quoi la machine est capable côté média, ce qui dépend de la présence de ffmpeg. Sans lui, l’import fonctionne mais l’interface annonce ce qu’elle ne peut pas faire.",none,True,56.6
shell,media.indexFileInPlace,media_indexFileInPlace,Donner une ligne de catalogue à un fichier,"Fait entrer dans le catalogue un fichier que le dossier du projet contient déjà, sans le copier. C’est la moitié de l’import qui n’ouvre pas de dialogue système.",none,True,56.7
shell,fonts.list,fonts_list,Lister les polices installées,"Rend les polices dans lesquelles un texte peut être écrit, celles livrées avec le studio d’abord, puis celles installées sur la machine. Chacune vient avec sa provenance, que poser une police réclame autant que son nom.",none,True,56.8
shell,favorites.listPinnedRecipes,favorites_listPinnedRecipes,Lister les recettes épinglées,"Rend les recettes épinglées au projet, avec le modèle qui les a produites et l’espace qui sait les refaire. Une recette garde de quoi relancer une génération.",none,True,55.9
shell,favorite.pinAssetRecipe,favorite_pinAssetRecipe,Épingler la recette d’un asset,"Épingle ce qui a produit un asset du projet ouvert, pour pouvoir le refaire. Un asset que personne n’a généré n’a pas de recette à garder.",none,False,55.10
shell,favorite.unpinAssetRecipe,favorite_unpinAssetRecipe,Retirer une recette épinglée,"Enlève une recette de la liste des épinglées. L’asset qu’elle avait produit, lui, ne bouge pas.",none,False,55.11
shell,fileInfo.openWindow,fileInfo_openWindow,Ouvrir les informations d’un fichier,"Ouvre la fenêtre qui décrit un fichier du projet — sa taille, sa nature, son historique et ce que le catalogue en sait.",none,False,42.6
shell,mirror.openVideoReturnWindow,mirror_openVideoReturnWindow,Ouvrir le retour vidéo,"Ouvre la fenêtre de retour, ou la ramène devant si elle est déjà là. Elle montre ce que le montage joue, sans rien porter du travail.",none,False,55.7
shell,help.openStudioWindow,help_openStudioWindow,Ouvrir une fenêtre du studio,"Ouvre le manuel utilisateur, la fenêtre des licences, celle de la consommation, le journal ou l’accueil — ou la ramène devant si elle est déjà là. Ce sont des fenêtres du processus principal, et aucune commande du registre ne les atteint.",none,False,"55.8,55.12"
shell,updates.install,updates_install,Installer la mise à jour téléchargée,"Quitte le studio et relance la version déjà téléchargée. Ne fait quelque chose qu’une fois la mise à jour prête, et ce qui n’est pas enregistré part avec la fermeture.",files,True,56.2
shell,dictation.state,dictation_state,Lire l’état de la dictée,"Dit où en est la reconnaissance vocale — au repos, en écoute, en attente d’autorisation ou de modèle — et ce qui a échoué le cas échéant.",none,True,56.3
shell,dictation.start,dictation_start,Démarrer la dictée,"Ouvre le micro et écrit ce qu’il entend là où le curseur se trouve. Sans champ actif, la dictée n’a nulle part où écrire, et le curseur se pose donc avant l’appel.",none,False,56.4
shell,dictation.stop,dictation_stop,Arrêter la dictée,"Referme le micro. Garde par défaut ce qui a été entendu, et peut le jeter à la place — les deux gestes diffèrent exactement là.",none,False,56.5
shell,panels.list,panels_list,Lister les panneaux,"Rend les panneaux que la surface au premier plan sait afficher, et dit lesquels sont ouverts. Un panneau qu’une surface ne sert pas n’y figure pas, puisqu’il ne peut pas y être ouvert.",none,True,55.4
shell,panel.open,panel_open,Ouvrir un panneau,"Amène un panneau devant, à l’endroit que la surface au premier plan lui réserve. Un panneau déjà visible reçoit le focus plutôt que d’être réécrit.",none,False,55.5
shell,panel.close,panel_close,Fermer un panneau,Vide la demi-zone où la surface au premier plan range ce panneau. La disposition des autres panneaux ne bouge pas.,none,False,55.6
