family,action,mcp_tool,design_cases,source,fr,en,ar,de,es,hi,id,it,ja,ko,pt,ru,tr,vi,zh
core,ai.localState,ai_localState,7,scenarios/core.md,planned,planned,planned,planned,planned,planned,planned,planned,planned,planned,planned,planned,planned,planned,planned
core,ai.manageLocalRuntime,ai_manageLocalRuntime,69,scenarios/core.md,planned,planned,planned,planned,planned,planned,planned,planned,planned,planned,planned,planned,planned,planned,planned
core,command.runStudioCommand,command_runStudioCommand,160,scenarios/core.md,planned,planned,planned,planned,planned,planned,planned,planned,planned,planned,planned,planned,planned,planned,planned
core,workspace.open,workspace_open,41,scenarios/core.md,planned,planned,planned,planned,planned,planned,planned,planned,planned,planned,planned,planned,planned,planned,planned
core,models.search,models_search,27,scenarios/core.md,planned,planned,planned,planned,planned,planned,planned,planned,planned,planned,planned,planned,planned,planned,planned
core,models.select,models_select,25,scenarios/core.md,planned,planned,planned,planned,planned,planned,planned,planned,planned,planned,planned,planned,planned,planned,planned
core,generator.prepare,generator_prepare,30,scenarios/core.md,planned,planned,planned,planned,planned,planned,planned,planned,planned,planned,planned,planned,planned,planned,planned
core,generator.readArmedGeneration,generator_readArmedGeneration,7,scenarios/core.md,planned,planned,planned,planned,planned,planned,planned,planned,planned,planned,planned,planned,planned,planned,planned
core,generator.submit,generator_submit,14,scenarios/core.md,planned,planned,planned,planned,planned,planned,planned,planned,planned,planned,planned,planned,planned,planned,planned
core,jobs.list,jobs_list,7,scenarios/core.md,planned,planned,planned,planned,planned,planned,planned,planned,planned,planned,planned,planned,planned,planned,planned
core,prompt.suggest,prompt_suggest,9,scenarios/core.md,planned,planned,planned,planned,planned,planned,planned,planned,planned,planned,planned,planned,planned,planned,planned
core,prompt.translate,prompt_translate,9,scenarios/core.md,planned,planned,planned,planned,planned,planned,planned,planned,planned,planned,planned,planned,planned,planned,planned
core,prompt.describeStyle,prompt_describeStyle,7,scenarios/core.md,planned,planned,planned,planned,planned,planned,planned,planned,planned,planned,planned,planned,planned,planned,planned
core,chat.close,chat_close,7,scenarios/core.md,planned,planned,planned,planned,planned,planned,planned,planned,planned,planned,planned,planned,planned,planned,planned
core,actions.find,actions_find,10,scenarios/core.md,planned,planned,planned,planned,planned,planned,planned,planned,planned,planned,planned,planned,planned,planned,planned
target,target.select,target_select,11,scenarios/target.md,planned,planned,planned,planned,planned,planned,planned,planned,planned,planned,planned,planned,planned,planned,planned
state,studio.state,studio_state,7,scenarios/state.md,planned,planned,planned,planned,planned,planned,planned,planned,planned,planned,planned,planned,planned,planned,planned
state,documents.list,documents_list,7,scenarios/state.md,planned,planned,planned,planned,planned,planned,planned,planned,planned,planned,planned,planned,planned,planned,planned
state,document.open,document_open,10,scenarios/state.md,planned,planned,planned,planned,planned,planned,planned,planned,planned,planned,planned,planned,planned,planned,planned
state,document.activate,document_activate,11,scenarios/state.md,planned,planned,planned,planned,planned,planned,planned,planned,planned,planned,planned,planned,planned,planned,planned
state,document.close,document_close,11,scenarios/state.md,planned,planned,planned,planned,planned,planned,planned,planned,planned,planned,planned,planned,planned,planned,planned
state,document.rename,document_rename,14,scenarios/state.md,planned,planned,planned,planned,planned,planned,planned,planned,planned,planned,planned,planned,planned,planned,planned
state,document.save,document_save,11,scenarios/state.md,planned,planned,planned,planned,planned,planned,planned,planned,planned,planned,planned,planned,planned,planned,planned
state,document.deleteFromDisk,document_deleteFromDisk,11,scenarios/state.md,planned,planned,planned,planned,planned,planned,planned,planned,planned,planned,planned,planned,planned,planned,planned
state,document.export,document_export,35,scenarios/state.md,planned,planned,planned,planned,planned,planned,planned,planned,planned,planned,planned,planned,planned,planned,planned
state,activity.recent,activity_recent,9,scenarios/state.md,planned,planned,planned,planned,planned,planned,planned,planned,planned,planned,planned,planned,planned,planned,planned
file,projects.list,projects_list,7,scenarios/file.md,planned,planned,planned,planned,planned,planned,planned,planned,planned,planned,planned,planned,planned,planned,planned
file,project.open,project_open,12,scenarios/file.md,planned,planned,planned,planned,planned,planned,planned,planned,planned,planned,planned,planned,planned,planned,planned
file,project.close,project_close,8,scenarios/file.md,planned,planned,planned,planned,planned,planned,planned,planned,planned,planned,planned,planned,planned,planned,planned
file,project.create,project_create,15,scenarios/file.md,planned,planned,planned,planned,planned,planned,planned,planned,planned,planned,planned,planned,planned,planned,planned
file,project.forget,project_forget,12,scenarios/file.md,planned,planned,planned,planned,planned,planned,planned,planned,planned,planned,planned,planned,planned,planned,planned
file,project.trash,project_trash,12,scenarios/file.md,planned,planned,planned,planned,planned,planned,planned,planned,planned,planned,planned,planned,planned,planned,planned
file,file.open,file_open,10,scenarios/file.md,planned,planned,planned,planned,planned,planned,planned,planned,planned,planned,planned,planned,planned,planned,planned
file,files.list,files_list,13,scenarios/file.md,planned,planned,planned,planned,planned,planned,planned,planned,planned,planned,planned,planned,planned,planned,planned
file,files.search,files_search,13,scenarios/file.md,planned,planned,planned,planned,planned,planned,planned,planned,planned,planned,planned,planned,planned,planned,planned
file,files.move,files_move,15,scenarios/file.md,planned,planned,planned,planned,planned,planned,planned,planned,planned,planned,planned,planned,planned,planned,planned
file,files.copy,files_copy,14,scenarios/file.md,planned,planned,planned,planned,planned,planned,planned,planned,planned,planned,planned,planned,planned,planned,planned
file,files.duplicate,files_duplicate,11,scenarios/file.md,planned,planned,planned,planned,planned,planned,planned,planned,planned,planned,planned,planned,planned,planned,planned
file,files.trash,files_trash,12,scenarios/file.md,planned,planned,planned,planned,planned,planned,planned,planned,planned,planned,planned,planned,planned,planned,planned
file,file.rename,file_rename,14,scenarios/file.md,planned,planned,planned,planned,planned,planned,planned,planned,planned,planned,planned,planned,planned,planned,planned
file,file.facts,file_facts,10,scenarios/file.md,planned,planned,planned,planned,planned,planned,planned,planned,planned,planned,planned,planned,planned,planned,planned
file,folder.new,folder_new,13,scenarios/file.md,planned,planned,planned,planned,planned,planned,planned,planned,planned,planned,planned,planned,planned,planned,planned
file,files.undoFileOperation,files_undoFileOperation,8,scenarios/file.md,planned,planned,planned,planned,planned,planned,planned,planned,planned,planned,planned,planned,planned,planned,planned
file,files.redoFileOperation,files_redoFileOperation,8,scenarios/file.md,planned,planned,planned,planned,planned,planned,planned,planned,planned,planned,planned,planned,planned,planned,planned
file,files.canUndoRedo,files_canUndoRedo,7,scenarios/file.md,planned,planned,planned,planned,planned,planned,planned,planned,planned,planned,planned,planned,planned,planned,planned
file,file.reveal,file_reveal,10,scenarios/file.md,planned,planned,planned,planned,planned,planned,planned,planned,planned,planned,planned,planned,planned,planned,planned
file,project.rename,project_rename,15,scenarios/file.md,planned,planned,planned,planned,planned,planned,planned,planned,planned,planned,planned,planned,planned,planned,planned
job,models.readGenerationModelFields,models_readGenerationModelFields,11,scenarios/job.md,planned,planned,planned,planned,planned,planned,planned,planned,planned,planned,planned,planned,planned,planned,planned
job,cost.estimate,cost_estimate,12,scenarios/job.md,planned,planned,planned,planned,planned,planned,planned,planned,planned,planned,planned,planned,planned,planned,planned
job,job.readCloudGeneration,job_readCloudGeneration,10,scenarios/job.md,planned,planned,planned,planned,planned,planned,planned,planned,planned,planned,planned,planned,planned,planned,planned
job,job.waitForCloudGeneration,job_waitForCloudGeneration,12,scenarios/job.md,planned,planned,planned,planned,planned,planned,planned,planned,planned,planned,planned,planned,planned,planned,planned
job,job.cancelCloudGeneration,job_cancelCloudGeneration,10,scenarios/job.md,planned,planned,planned,planned,planned,planned,planned,planned,planned,planned,planned,planned,planned,planned,planned
job,task.cancelLocalTask,task_cancelLocalTask,10,scenarios/job.md,planned,planned,planned,planned,planned,planned,planned,planned,planned,planned,planned,planned,planned,planned,planned
job,usage.report,usage_report,13,scenarios/job.md,planned,planned,planned,planned,planned,planned,planned,planned,planned,planned,planned,planned,planned,planned,planned
asset,assets.searchProjectCatalogue,assets_searchProjectCatalogue,30,scenarios/asset.md,planned,planned,planned,planned,planned,planned,planned,planned,planned,planned,planned,planned,planned,planned,planned
asset,assets.counts,assets_counts,7,scenarios/asset.md,planned,planned,planned,planned,planned,planned,planned,planned,planned,planned,planned,planned,planned,planned,planned
asset,asset.get,asset_get,11,scenarios/asset.md,planned,planned,planned,planned,planned,planned,planned,planned,planned,planned,planned,planned,planned,planned,planned
asset,asset.update,asset_update,27,scenarios/asset.md,planned,planned,planned,planned,planned,planned,planned,planned,planned,planned,planned,planned,planned,planned,planned
asset,assets.removeFromLibrary,assets_removeFromLibrary,16,scenarios/asset.md,planned,planned,planned,planned,planned,planned,planned,planned,planned,planned,planned,planned,planned,planned,planned
asset,assets.captionImages,assets_captionImages,11,scenarios/asset.md,planned,planned,planned,planned,planned,planned,planned,planned,planned,planned,planned,planned,planned,planned,planned
asset,asset.extractTextures,asset_extractTextures,11,scenarios/asset.md,planned,planned,planned,planned,planned,planned,planned,planned,planned,planned,planned,planned,planned,planned,planned
asset,asset.reveal,asset_reveal,10,scenarios/asset.md,planned,planned,planned,planned,planned,planned,planned,planned,planned,planned,planned,planned,planned,planned,planned
asset,assets.listMissing,assets_listMissing,11,scenarios/asset.md,planned,planned,planned,planned,planned,planned,planned,planned,planned,planned,planned,planned,planned,planned,planned
cloud,cloud.browseAccountLibrary,cloud_browseAccountLibrary,34,scenarios/cloud.md,planned,planned,planned,planned,planned,planned,planned,planned,planned,planned,planned,planned,planned,planned,planned
cloud,cloud.explorePublicFeed,cloud_explorePublicFeed,21,scenarios/cloud.md,planned,planned,planned,planned,planned,planned,planned,planned,planned,planned,planned,planned,planned,planned,planned
cloud,cloud.findSimilarPublished,cloud_findSimilarPublished,10,scenarios/cloud.md,planned,planned,planned,planned,planned,planned,planned,planned,planned,planned,planned,planned,planned,planned,planned
cloud,cloud.previewSync,cloud_previewSync,17,scenarios/cloud.md,planned,planned,planned,planned,planned,planned,planned,planned,planned,planned,planned,planned,planned,planned,planned
cloud,cloud.pull,cloud_pull,11,scenarios/cloud.md,planned,planned,planned,planned,planned,planned,planned,planned,planned,planned,planned,planned,planned,planned,planned
cloud,cloud.push,cloud_push,12,scenarios/cloud.md,planned,planned,planned,planned,planned,planned,planned,planned,planned,planned,planned,planned,planned,planned,planned
canvas,canvas.state,canvas_state,8,scenarios/canvas.md,planned,planned,planned,planned,planned,planned,planned,planned,planned,planned,planned,planned,planned,planned,planned
canvas,canvas.setDocumentProperties,canvas_setDocumentProperties,23,scenarios/canvas.md,planned,planned,planned,planned,planned,planned,planned,planned,planned,planned,planned,planned,planned,planned,planned
canvas,layer.add,layer_add,52,scenarios/canvas.md,planned,planned,planned,planned,planned,planned,planned,planned,planned,planned,planned,planned,planned,planned,planned
canvas,layer.remove,layer_remove,11,scenarios/canvas.md,planned,planned,planned,planned,planned,planned,planned,planned,planned,planned,planned,planned,planned,planned,planned
canvas,layer.select,layer_select,11,scenarios/canvas.md,planned,planned,planned,planned,planned,planned,planned,planned,planned,planned,planned,planned,planned,planned,planned
canvas,layer.rename,layer_rename,14,scenarios/canvas.md,planned,planned,planned,planned,planned,planned,planned,planned,planned,planned,planned,planned,planned,planned,planned
canvas,layer.setOpacityBlendAndVisibility,layer_setOpacityBlendAndVisibility,46,scenarios/canvas.md,planned,planned,planned,planned,planned,planned,planned,planned,planned,planned,planned,planned,planned,planned,planned
canvas,layer.transform,layer_transform,29,scenarios/canvas.md,planned,planned,planned,planned,planned,planned,planned,planned,planned,planned,planned,planned,planned,planned,planned
canvas,layer.editTextLayer,layer_editTextLayer,48,scenarios/canvas.md,planned,planned,planned,planned,planned,planned,planned,planned,planned,planned,planned,planned,planned,planned,planned
canvas,layer.reorderInStack,layer_reorderInStack,16,scenarios/canvas.md,planned,planned,planned,planned,planned,planned,planned,planned,planned,planned,planned,planned,planned,planned,planned
canvas,layer.duplicate,layer_duplicate,14,scenarios/canvas.md,planned,planned,planned,planned,planned,planned,planned,planned,planned,planned,planned,planned,planned,planned,planned
canvas,layer.group,layer_group,15,scenarios/canvas.md,planned,planned,planned,planned,planned,planned,planned,planned,planned,planned,planned,planned,planned,planned,planned
canvas,layer.ungroup,layer_ungroup,11,scenarios/canvas.md,planned,planned,planned,planned,planned,planned,planned,planned,planned,planned,planned,planned,planned,planned,planned
canvas,layer.mergeDown,layer_mergeDown,11,scenarios/canvas.md,planned,planned,planned,planned,planned,planned,planned,planned,planned,planned,planned,planned,planned,planned,planned
canvas,canvas.resize,canvas_resize,15,scenarios/canvas.md,planned,planned,planned,planned,planned,planned,planned,planned,planned,planned,planned,planned,planned,planned,planned
canvas,canvas.setPixelArt,canvas_setPixelArt,17,scenarios/canvas.md,planned,planned,planned,planned,planned,planned,planned,planned,planned,planned,planned,planned,planned,planned,planned
canvas,canvas.drawPixels,canvas_drawPixels,38,scenarios/canvas.md,planned,planned,planned,planned,planned,planned,planned,planned,planned,planned,planned,planned,planned,planned,planned
canvas,canvas.crop,canvas_crop,22,scenarios/canvas.md,planned,planned,planned,planned,planned,planned,planned,planned,planned,planned,planned,planned,planned,planned,planned
canvas,layer.lock,layer_lock,20,scenarios/canvas.md,planned,planned,planned,planned,planned,planned,planned,planned,planned,planned,planned,planned,planned,planned,planned
canvas,layer.editShapeLayer,layer_editShapeLayer,27,scenarios/canvas.md,planned,planned,planned,planned,planned,planned,planned,planned,planned,planned,planned,planned,planned,planned,planned
canvas,layer.setAdjustmentAmount,layer_setAdjustmentAmount,31,scenarios/canvas.md,planned,planned,planned,planned,planned,planned,planned,planned,planned,planned,planned,planned,planned,planned,planned
canvas,canvas.flipOrRotate,canvas_flipOrRotate,15,scenarios/canvas.md,planned,planned,planned,planned,planned,planned,planned,planned,planned,planned,planned,planned,planned,planned,planned
canvas,layer.setMaskOptions,layer_setMaskOptions,20,scenarios/canvas.md,planned,planned,planned,planned,planned,planned,planned,planned,planned,planned,planned,planned,planned,planned,planned
canvas,guide.add,guide_add,16,scenarios/canvas.md,planned,planned,planned,planned,planned,planned,planned,planned,planned,planned,planned,planned,planned,planned,planned
canvas,guide.move,guide_move,14,scenarios/canvas.md,planned,planned,planned,planned,planned,planned,planned,planned,planned,planned,planned,planned,planned,planned,planned
canvas,guide.remove,guide_remove,11,scenarios/canvas.md,planned,planned,planned,planned,planned,planned,planned,planned,planned,planned,planned,planned,planned,planned,planned
canvas,img.pin,img_pin,30,scenarios/canvas.md,planned,planned,planned,planned,planned,planned,planned,planned,planned,planned,planned,planned,planned,planned,planned
montage,sequence.state,sequence_state,8,scenarios/montage.md,planned,planned,planned,planned,planned,planned,planned,planned,planned,planned,planned,planned,planned,planned,planned
montage,sequence.seek,sequence_seek,10,scenarios/montage.md,planned,planned,planned,planned,planned,planned,planned,planned,planned,planned,planned,planned,planned,planned,planned
montage,clip.add,clip_add,17,scenarios/montage.md,planned,planned,planned,planned,planned,planned,planned,planned,planned,planned,planned,planned,planned,planned,planned
montage,clip.remove,clip_remove,11,scenarios/montage.md,planned,planned,planned,planned,planned,planned,planned,planned,planned,planned,planned,planned,planned,planned,planned
montage,clip.move,clip_move,16,scenarios/montage.md,planned,planned,planned,planned,planned,planned,planned,planned,planned,planned,planned,planned,planned,planned,planned
montage,clip.trim,clip_trim,18,scenarios/montage.md,planned,planned,planned,planned,planned,planned,planned,planned,planned,planned,planned,planned,planned,planned,planned
montage,clip.split,clip_split,13,scenarios/montage.md,planned,planned,planned,planned,planned,planned,planned,planned,planned,planned,planned,planned,planned,planned,planned
montage,clip.fade,clip_fade,18,scenarios/montage.md,planned,planned,planned,planned,planned,planned,planned,planned,planned,planned,planned,planned,planned,planned,planned
montage,clip.gain,clip_gain,16,scenarios/montage.md,planned,planned,planned,planned,planned,planned,planned,planned,planned,planned,planned,planned,planned,planned,planned
montage,clip.speed,clip_speed,16,scenarios/montage.md,planned,planned,planned,planned,planned,planned,planned,planned,planned,planned,planned,planned,planned,planned,planned
montage,clip.unlink,clip_unlink,11,scenarios/montage.md,planned,planned,planned,planned,planned,planned,planned,planned,planned,planned,planned,planned,planned,planned,planned
montage,clip.select,clip_select,11,scenarios/montage.md,planned,planned,planned,planned,planned,planned,planned,planned,planned,planned,planned,planned,planned,planned,planned
montage,track.add,track_add,13,scenarios/montage.md,planned,planned,planned,planned,planned,planned,planned,planned,planned,planned,planned,planned,planned,planned,planned
montage,track.remove,track_remove,11,scenarios/montage.md,planned,planned,planned,planned,planned,planned,planned,planned,planned,planned,planned,planned,planned,planned,planned
montage,track.reorderTracks,track_reorderTracks,13,scenarios/montage.md,planned,planned,planned,planned,planned,planned,planned,planned,planned,planned,planned,planned,planned,planned,planned
montage,track.rename,track_rename,14,scenarios/montage.md,planned,planned,planned,planned,planned,planned,planned,planned,planned,planned,planned,planned,planned,planned,planned
montage,track.setMuteSoloLockHeight,track_setMuteSoloLockHeight,22,scenarios/montage.md,planned,planned,planned,planned,planned,planned,planned,planned,planned,planned,planned,planned,planned,planned,planned
material,skybox.state,skybox_state,8,scenarios/material.md,planned,planned,planned,planned,planned,planned,planned,planned,planned,planned,planned,planned,planned,planned,planned
material,skybox.setViewportOptions,skybox_setViewportOptions,23,scenarios/material.md,planned,planned,planned,planned,planned,planned,planned,planned,planned,planned,planned,planned,planned,planned,planned
material,skybox.adjustImage,skybox_adjustImage,37,scenarios/material.md,planned,planned,planned,planned,planned,planned,planned,planned,planned,planned,planned,planned,planned,planned,planned
material,skybox.resetAdjustments,skybox_resetAdjustments,8,scenarios/material.md,planned,planned,planned,planned,planned,planned,planned,planned,planned,planned,planned,planned,planned,planned,planned
material,skybox.setSun,skybox_setSun,20,scenarios/material.md,planned,planned,planned,planned,planned,planned,planned,planned,planned,planned,planned,planned,planned,planned,planned
material,skybox.setPreviewLighting,skybox_setPreviewLighting,15,scenarios/material.md,planned,planned,planned,planned,planned,planned,planned,planned,planned,planned,planned,planned,planned,planned,planned
material,skybox.setSourceImage,skybox_setSourceImage,12,scenarios/material.md,planned,planned,planned,planned,planned,planned,planned,planned,planned,planned,planned,planned,planned,planned,planned
material,material.state,material_state,8,scenarios/material.md,planned,planned,planned,planned,planned,planned,planned,planned,planned,planned,planned,planned,planned,planned,planned
material,material.setSurfaceSettings,material_setSurfaceSettings,78,scenarios/material.md,planned,planned,planned,planned,planned,planned,planned,planned,planned,planned,planned,planned,planned,planned,planned
material,material.setPreviewDisplay,material_setPreviewDisplay,34,scenarios/material.md,planned,planned,planned,planned,planned,planned,planned,planned,planned,planned,planned,planned,planned,planned,planned
material,material.setPreviewEnvironment,material_setPreviewEnvironment,20,scenarios/material.md,planned,planned,planned,planned,planned,planned,planned,planned,planned,planned,planned,planned,planned,planned,planned
material,material.setChannelImage,material_setChannelImage,22,scenarios/material.md,planned,planned,planned,planned,planned,planned,planned,planned,planned,planned,planned,planned,planned,planned,planned
material,styles.list,styles_list,8,scenarios/material.md,planned,planned,planned,planned,planned,planned,planned,planned,planned,planned,planned,planned,planned,planned,planned
material,style.save,style_save,11,scenarios/material.md,planned,planned,planned,planned,planned,planned,planned,planned,planned,planned,planned,planned,planned,planned,planned
material,style.rename,style_rename,14,scenarios/material.md,planned,planned,planned,planned,planned,planned,planned,planned,planned,planned,planned,planned,planned,planned,planned
material,style.remove,style_remove,12,scenarios/material.md,planned,planned,planned,planned,planned,planned,planned,planned,planned,planned,planned,planned,planned,planned,planned
scene,scene.state,scene_state,8,scenarios/scene.md,planned,planned,planned,planned,planned,planned,planned,planned,planned,planned,planned,planned,planned,planned,planned
scene,node.add,node_add,50,scenarios/scene.md,planned,planned,planned,planned,planned,planned,planned,planned,planned,planned,planned,planned,planned,planned,planned
scene,node.addModel,node_addModel,14,scenarios/scene.md,planned,planned,planned,planned,planned,planned,planned,planned,planned,planned,planned,planned,planned,planned,planned
scene,node.markAsCuttingTool,node_markAsCuttingTool,15,scenarios/scene.md,planned,planned,planned,planned,planned,planned,planned,planned,planned,planned,planned,planned,planned,planned,planned
scene,node.combineIntoSolid,node_combineIntoSolid,21,scenarios/scene.md,planned,planned,planned,planned,planned,planned,planned,planned,planned,planned,planned,planned,planned,planned,planned
scene,node.swapSolidMatterAndTool,node_swapSolidMatterAndTool,12,scenarios/scene.md,planned,planned,planned,planned,planned,planned,planned,planned,planned,planned,planned,planned,planned,planned,planned
scene,node.separate,node_separate,12,scenarios/scene.md,planned,planned,planned,planned,planned,planned,planned,planned,planned,planned,planned,planned,planned,planned,planned
scene,node.remove,node_remove,12,scenarios/scene.md,planned,planned,planned,planned,planned,planned,planned,planned,planned,planned,planned,planned,planned,planned,planned
scene,node.attach,node_attach,15,scenarios/scene.md,planned,planned,planned,planned,planned,planned,planned,planned,planned,planned,planned,planned,planned,planned,planned
scene,node.rename,node_rename,15,scenarios/scene.md,planned,planned,planned,planned,planned,planned,planned,planned,planned,planned,planned,planned,planned,planned,planned
scene,node.transform,node_transform,42,scenarios/scene.md,planned,planned,planned,planned,planned,planned,planned,planned,planned,planned,planned,planned,planned,planned,planned
scene,node.setVisible,node_setVisible,15,scenarios/scene.md,planned,planned,planned,planned,planned,planned,planned,planned,planned,planned,planned,planned,planned,planned,planned
scene,node.setMeshMaterial,node_setMeshMaterial,39,scenarios/scene.md,planned,planned,planned,planned,planned,planned,planned,planned,planned,planned,planned,planned,planned,planned,planned
scene,node.setPrimitiveParameters,node_setPrimitiveParameters,64,scenarios/scene.md,planned,planned,planned,planned,planned,planned,planned,planned,planned,planned,planned,planned,planned,planned,planned
scene,node.setShadowCastAndReceive,node_setShadowCastAndReceive,18,scenarios/scene.md,planned,planned,planned,planned,planned,planned,planned,planned,planned,planned,planned,planned,planned,planned,planned
scene,node.setSpriteSettings,node_setSpriteSettings,22,scenarios/scene.md,planned,planned,planned,planned,planned,planned,planned,planned,planned,planned,planned,planned,planned,planned,planned
scene,node.setTextSettings,node_setTextSettings,33,scenarios/scene.md,planned,planned,planned,planned,planned,planned,planned,planned,planned,planned,planned,planned,planned,planned,planned
scene,node.setPathShape,node_setPathShape,20,scenarios/scene.md,planned,planned,planned,planned,planned,planned,planned,planned,planned,planned,planned,planned,planned,planned,planned
scene,path.addPoint,path_addPoint,23,scenarios/scene.md,planned,planned,planned,planned,planned,planned,planned,planned,planned,planned,planned,planned,planned,planned,planned
scene,path.movePoint,path_movePoint,23,scenarios/scene.md,planned,planned,planned,planned,planned,planned,planned,planned,planned,planned,planned,planned,planned,planned,planned
scene,path.removePoint,path_removePoint,14,scenarios/scene.md,planned,planned,planned,planned,planned,planned,planned,planned,planned,planned,planned,planned,planned,planned,planned
scene,optimization.analyze,optimization_analyze,12,scenarios/scene.md,planned,planned,planned,planned,planned,planned,planned,planned,planned,planned,planned,planned,planned,planned,planned
scene,optimization.report,optimization_report,12,scenarios/scene.md,planned,planned,planned,planned,planned,planned,planned,planned,planned,planned,planned,planned,planned,planned,planned
scene,optimization.selection,optimization_selection,8,scenarios/scene.md,planned,planned,planned,planned,planned,planned,planned,planned,planned,planned,planned,planned,planned,planned,planned
scene,optimization.world,optimization_world,8,scenarios/scene.md,planned,planned,planned,planned,planned,planned,planned,planned,planned,planned,planned,planned,planned,planned,planned
scene,optimization.clearCache,optimization_clearCache,8,scenarios/scene.md,planned,planned,planned,planned,planned,planned,planned,planned,planned,planned,planned,planned,planned,planned,planned
scene,optimization.exclude,optimization_exclude,12,scenarios/scene.md,planned,planned,planned,planned,planned,planned,planned,planned,planned,planned,planned,planned,planned,planned,planned
scene,optimization.setMode,optimization_setMode,20,scenarios/scene.md,planned,planned,planned,planned,planned,planned,planned,planned,planned,planned,planned,planned,planned,planned,planned
scene,model.setMaterialDocument,model_setMaterialDocument,17,scenarios/scene.md,planned,planned,planned,planned,planned,planned,planned,planned,planned,planned,planned,planned,planned,planned,planned
scene,model.setBaseColorImage,model_setBaseColorImage,15,scenarios/scene.md,planned,planned,planned,planned,planned,planned,planned,planned,planned,planned,planned,planned,planned,planned,planned
scene,node.setLightSettings,node_setLightSettings,53,scenarios/scene.md,planned,planned,planned,planned,planned,planned,planned,planned,planned,planned,planned,planned,planned,planned,planned
scene,node.setCameraLens,node_setCameraLens,25,scenarios/scene.md,planned,planned,planned,planned,planned,planned,planned,planned,planned,planned,planned,planned,planned,planned,planned
scene,camera.addShot,camera_addShot,20,scenarios/scene.md,planned,planned,planned,planned,planned,planned,planned,planned,planned,planned,planned,planned,planned,planned,planned
scene,camera.bindPathToShot,camera_bindPathToShot,28,scenarios/scene.md,planned,planned,planned,planned,planned,planned,planned,planned,planned,planned,planned,planned,planned,planned,planned
scene,camera.createAndBindPath,camera_createAndBindPath,12,scenarios/scene.md,planned,planned,planned,planned,planned,planned,planned,planned,planned,planned,planned,planned,planned,planned,planned
scene,camera.reorder,camera_reorder,14,scenarios/scene.md,planned,planned,planned,planned,planned,planned,planned,planned,planned,planned,planned,planned,planned,planned,planned
scene,camera.aimShotAt,camera_aimShotAt,24,scenarios/scene.md,planned,planned,planned,planned,planned,planned,planned,planned,planned,planned,planned,planned,planned,planned,planned
scene,node.reparent,node_reparent,17,scenarios/scene.md,planned,planned,planned,planned,planned,planned,planned,planned,planned,planned,planned,planned,planned,planned,planned
scene,node.select,node_select,12,scenarios/scene.md,planned,planned,planned,planned,planned,planned,planned,planned,planned,planned,planned,planned,planned,planned,planned
scene,view.direction,view_direction,17,scenarios/scene.md,planned,planned,planned,planned,planned,planned,planned,planned,planned,planned,planned,planned,planned,planned,planned
scene,view.setDisplayMode,view_setDisplayMode,21,scenarios/scene.md,planned,planned,planned,planned,planned,planned,planned,planned,planned,planned,planned,planned,planned,planned,planned
scene,scene.capture,scene_capture,15,scenarios/scene.md,planned,planned,planned,planned,planned,planned,planned,planned,planned,planned,planned,planned,planned,planned,planned
scene,world.applyPreset,world_applyPreset,16,scenarios/scene.md,planned,planned,planned,planned,planned,planned,planned,planned,planned,planned,planned,planned,planned,planned,planned
scene,world.setSceneLighting,world_setSceneLighting,28,scenarios/scene.md,planned,planned,planned,planned,planned,planned,planned,planned,planned,planned,planned,planned,planned,planned,planned
scene,world.setBackground,world_setBackground,21,scenarios/scene.md,planned,planned,planned,planned,planned,planned,planned,planned,planned,planned,planned,planned,planned,planned,planned
scene,world.setFog,world_setFog,27,scenarios/scene.md,planned,planned,planned,planned,planned,planned,planned,planned,planned,planned,planned,planned,planned,planned,planned
scene,world.setGroundPlane,world_setGroundPlane,26,scenarios/scene.md,planned,planned,planned,planned,planned,planned,planned,planned,planned,planned,planned,planned,planned,planned,planned
scene,world.setLayers,world_setLayers,11,scenarios/scene.md,planned,planned,planned,planned,planned,planned,planned,planned,planned,planned,planned,planned,planned,planned,planned
scene,world.setToneMapping,world_setToneMapping,21,scenarios/scene.md,planned,planned,planned,planned,planned,planned,planned,planned,planned,planned,planned,planned,planned,planned,planned
post,post.state,post_state,11,scenarios/post.md,planned,planned,planned,planned,planned,planned,planned,planned,planned,planned,planned,planned,planned,planned,planned
post,post.add,post_add,44,scenarios/post.md,planned,planned,planned,planned,planned,planned,planned,planned,planned,planned,planned,planned,planned,planned,planned
post,post.remove,post_remove,14,scenarios/post.md,planned,planned,planned,planned,planned,planned,planned,planned,planned,planned,planned,planned,planned,planned,planned
post,post.move,post_move,16,scenarios/post.md,planned,planned,planned,planned,planned,planned,planned,planned,planned,planned,planned,planned,planned,planned,planned
post,post.set,post_set,26,scenarios/post.md,planned,planned,planned,planned,planned,planned,planned,planned,planned,planned,planned,planned,planned,planned,planned
post,post.setEffectEnabled,post_setEffectEnabled,17,scenarios/post.md,planned,planned,planned,planned,planned,planned,planned,planned,planned,planned,planned,planned,planned,planned,planned
post,post.setWholeStackEnabled,post_setWholeStackEnabled,14,scenarios/post.md,planned,planned,planned,planned,planned,planned,planned,planned,planned,planned,planned,planned,planned,planned,planned
post,post.applyPreset,post_applyPreset,14,scenarios/post.md,planned,planned,planned,planned,planned,planned,planned,planned,planned,planned,planned,planned,planned,planned,planned
post,post.listPresets,post_listPresets,8,scenarios/post.md,planned,planned,planned,planned,planned,planned,planned,planned,planned,planned,planned,planned,planned,planned,planned
post,post.duplicate,post_duplicate,14,scenarios/post.md,planned,planned,planned,planned,planned,planned,planned,planned,planned,planned,planned,planned,planned,planned,planned
post,post.reset,post_reset,14,scenarios/post.md,planned,planned,planned,planned,planned,planned,planned,planned,planned,planned,planned,planned,planned,planned,planned
post,post.addKeyframe,post_addKeyframe,20,scenarios/post.md,planned,planned,planned,planned,planned,planned,planned,planned,planned,planned,planned,planned,planned,planned,planned
post,post.removeKeyframe,post_removeKeyframe,17,scenarios/post.md,planned,planned,planned,planned,planned,planned,planned,planned,planned,planned,planned,planned,planned,planned,planned
post,post.savePreset,post_savePreset,14,scenarios/post.md,planned,planned,planned,planned,planned,planned,planned,planned,planned,planned,planned,planned,planned,planned,planned
post,post.renamePreset,post_renamePreset,14,scenarios/post.md,planned,planned,planned,planned,planned,planned,planned,planned,planned,planned,planned,planned,planned,planned,planned
post,post.deleteSavedPreset,post_deleteSavedPreset,12,scenarios/post.md,planned,planned,planned,planned,planned,planned,planned,planned,planned,planned,planned,planned,planned,planned,planned
post,post.setCameraStackMode,post_setCameraStackMode,18,scenarios/post.md,planned,planned,planned,planned,planned,planned,planned,planned,planned,planned,planned,planned,planned,planned,planned
rig,rig.state,rig_state,8,scenarios/rig.md,planned,planned,planned,planned,planned,planned,planned,planned,planned,planned,planned,planned,planned,planned,planned
rig,rig.fit,rig_fit,8,scenarios/rig.md,planned,planned,planned,planned,planned,planned,planned,planned,planned,planned,planned,planned,planned,planned,planned
rig,rig.clear,rig_clear,8,scenarios/rig.md,planned,planned,planned,planned,planned,planned,planned,planned,planned,planned,planned,planned,planned,planned,planned
rig,rig.configureHands,rig_configureHands,8,scenarios/rig.md,planned,planned,planned,planned,planned,planned,planned,planned,planned,planned,planned,planned,planned,planned,planned
rig,bone.add,bone_add,11,scenarios/rig.md,planned,planned,planned,planned,planned,planned,planned,planned,planned,planned,planned,planned,planned,planned,planned
rig,bone.remove,bone_remove,11,scenarios/rig.md,planned,planned,planned,planned,planned,planned,planned,planned,planned,planned,planned,planned,planned,planned,planned
rig,bone.rename,bone_rename,14,scenarios/rig.md,planned,planned,planned,planned,planned,planned,planned,planned,planned,planned,planned,planned,planned,planned,planned
rig,socket.add,socket_add,14,scenarios/rig.md,planned,planned,planned,planned,planned,planned,planned,planned,planned,planned,planned,planned,planned,planned,planned
rig,socket.remove,socket_remove,11,scenarios/rig.md,planned,planned,planned,planned,planned,planned,planned,planned,planned,planned,planned,planned,planned,planned,planned
rig,bone.setRole,bone_setRole,66,scenarios/rig.md,planned,planned,planned,planned,planned,planned,planned,planned,planned,planned,planned,planned,planned,planned,planned
rig,ik.add,ik_add,11,scenarios/rig.md,planned,planned,planned,planned,planned,planned,planned,planned,planned,planned,planned,planned,planned,planned,planned
rig,ik.remove,ik_remove,11,scenarios/rig.md,planned,planned,planned,planned,planned,planned,planned,planned,planned,planned,planned,planned,planned,planned,planned
rig,animations.list,animations_list,12,scenarios/rig.md,planned,planned,planned,planned,planned,planned,planned,planned,planned,planned,planned,planned,planned,planned,planned
rig,animation.reopenMotion,animation_reopenMotion,15,scenarios/rig.md,planned,planned,planned,planned,planned,planned,planned,planned,planned,planned,planned,planned,planned,planned,planned
rig,animation.addBlock,animation_addBlock,24,scenarios/rig.md,planned,planned,planned,planned,planned,planned,planned,planned,planned,planned,planned,planned,planned,planned,planned
rig,animation.removeBlock,animation_removeBlock,15,scenarios/rig.md,planned,planned,planned,planned,planned,planned,planned,planned,planned,planned,planned,planned,planned,planned,planned
rig,animation.setBlockSettings,animation_setBlockSettings,48,scenarios/rig.md,planned,planned,planned,planned,planned,planned,planned,planned,planned,planned,planned,planned,planned,planned,planned
rig,animation.setBandLengthAndRate,animation_setBandLengthAndRate,14,scenarios/rig.md,planned,planned,planned,planned,planned,planned,planned,planned,planned,planned,planned,planned,planned,planned,planned
rig,animation.autoKey,animation_autoKey,11,scenarios/rig.md,planned,planned,planned,planned,planned,planned,planned,planned,planned,planned,planned,planned,planned,planned,planned
rig,key.writePoseKeys,key_writePoseKeys,26,scenarios/rig.md,planned,planned,planned,planned,planned,planned,planned,planned,planned,planned,planned,planned,planned,planned,planned
rig,key.removeSubjectKeys,key_removeSubjectKeys,19,scenarios/rig.md,planned,planned,planned,planned,planned,planned,planned,planned,planned,planned,planned,planned,planned,planned,planned
rig,key.writeKeysOnOpenChannels,key_writeKeysOnOpenChannels,12,scenarios/rig.md,planned,planned,planned,planned,planned,planned,planned,planned,planned,planned,planned,planned,planned,planned,planned
rig,key.move,key_move,19,scenarios/rig.md,planned,planned,planned,planned,planned,planned,planned,planned,planned,planned,planned,planned,planned,planned,planned
rig,channel.remove,channel_remove,11,scenarios/rig.md,planned,planned,planned,planned,planned,planned,planned,planned,planned,planned,planned,planned,planned,planned,planned
rig,channel.setMuteSoloLock,channel_setMuteSoloLock,20,scenarios/rig.md,planned,planned,planned,planned,planned,planned,planned,planned,planned,planned,planned,planned,planned,planned,planned
git,git.status,git_status,8,scenarios/git.md,planned,planned,planned,planned,planned,planned,planned,planned,planned,planned,planned,planned,planned,planned,planned
git,git.log,git_log,11,scenarios/git.md,planned,planned,planned,planned,planned,planned,planned,planned,planned,planned,planned,planned,planned,planned,planned
git,git.listCommitFiles,git_listCommitFiles,10,scenarios/git.md,planned,planned,planned,planned,planned,planned,planned,planned,planned,planned,planned,planned,planned,planned,planned
git,git.diff,git_diff,13,scenarios/git.md,planned,planned,planned,planned,planned,planned,planned,planned,planned,planned,planned,planned,planned,planned,planned
git,git.branches,git_branches,7,scenarios/git.md,planned,planned,planned,planned,planned,planned,planned,planned,planned,planned,planned,planned,planned,planned,planned
git,git.stashes,git_stashes,7,scenarios/git.md,planned,planned,planned,planned,planned,planned,planned,planned,planned,planned,planned,planned,planned,planned,planned
git,git.init,git_init,7,scenarios/git.md,planned,planned,planned,planned,planned,planned,planned,planned,planned,planned,planned,planned,planned,planned,planned
git,git.stage,git_stage,11,scenarios/git.md,planned,planned,planned,planned,planned,planned,planned,planned,planned,planned,planned,planned,planned,planned,planned
git,git.unstage,git_unstage,11,scenarios/git.md,planned,planned,planned,planned,planned,planned,planned,planned,planned,planned,planned,planned,planned,planned,planned
git,git.restore,git_restore,12,scenarios/git.md,planned,planned,planned,planned,planned,planned,planned,planned,planned,planned,planned,planned,planned,planned,planned
git,git.commit,git_commit,13,scenarios/git.md,planned,planned,planned,planned,planned,planned,planned,planned,planned,planned,planned,planned,planned,planned,planned
git,git.createBranch,git_createBranch,10,scenarios/git.md,planned,planned,planned,planned,planned,planned,planned,planned,planned,planned,planned,planned,planned,planned,planned
git,git.checkout,git_checkout,11,scenarios/git.md,planned,planned,planned,planned,planned,planned,planned,planned,planned,planned,planned,planned,planned,planned,planned
git,git.stash,git_stash,11,scenarios/git.md,planned,planned,planned,planned,planned,planned,planned,planned,planned,planned,planned,planned,planned,planned,planned
git,git.stashPop,git_stashPop,10,scenarios/git.md,planned,planned,planned,planned,planned,planned,planned,planned,planned,planned,planned,planned,planned,planned,planned
git,git.tag,git_tag,13,scenarios/git.md,planned,planned,planned,planned,planned,planned,planned,planned,planned,planned,planned,planned,planned,planned,planned
git,git.stashDrop,git_stashDrop,10,scenarios/git.md,planned,planned,planned,planned,planned,planned,planned,planned,planned,planned,planned,planned,planned,planned,planned
git,git.resolve,git_resolve,17,scenarios/git.md,planned,planned,planned,planned,planned,planned,planned,planned,planned,planned,planned,planned,planned,planned,planned
git,git.abortMerge,git_abortMerge,8,scenarios/git.md,planned,planned,planned,planned,planned,planned,planned,planned,planned,planned,planned,planned,planned,planned,planned
git,git.remotes,git_remotes,7,scenarios/git.md,planned,planned,planned,planned,planned,planned,planned,planned,planned,planned,planned,planned,planned,planned,planned
git,git.addRemote,git_addRemote,13,scenarios/git.md,planned,planned,planned,planned,planned,planned,planned,planned,planned,planned,planned,planned,planned,planned,planned
git,git.fetch,git_fetch,7,scenarios/git.md,planned,planned,planned,planned,planned,planned,planned,planned,planned,planned,planned,planned,planned,planned,planned
git,git.pull,git_pull,8,scenarios/git.md,planned,planned,planned,planned,planned,planned,planned,planned,planned,planned,planned,planned,planned,planned,planned
git,git.push,git_push,11,scenarios/git.md,planned,planned,planned,planned,planned,planned,planned,planned,planned,planned,planned,planned,planned,planned,planned
game,component.attach,component_attach,33,scenarios/game.md,planned,planned,planned,planned,planned,planned,planned,planned,planned,planned,planned,planned,planned,planned,planned
game,component.detach,component_detach,33,scenarios/game.md,planned,planned,planned,planned,planned,planned,planned,planned,planned,planned,planned,planned,planned,planned,planned
game,component.setProperties,component_setProperties,39,scenarios/game.md,planned,planned,planned,planned,planned,planned,planned,planned,planned,planned,planned,planned,planned,planned,planned
play,play.start,play_start,7,scenarios/play.md,planned,planned,planned,planned,planned,planned,planned,planned,planned,planned,planned,planned,planned,planned,planned
play,play.stop,play_stop,7,scenarios/play.md,planned,planned,planned,planned,planned,planned,planned,planned,planned,planned,planned,planned,planned,planned,planned
play,play.pause,play_pause,7,scenarios/play.md,planned,planned,planned,planned,planned,planned,planned,planned,planned,planned,planned,planned,planned,planned,planned
play,play.resume,play_resume,7,scenarios/play.md,planned,planned,planned,planned,planned,planned,planned,planned,planned,planned,planned,planned,planned,planned,planned
play,play.step,play_step,9,scenarios/play.md,planned,planned,planned,planned,planned,planned,planned,planned,planned,planned,planned,planned,planned,planned,planned
play,play.loadScene,play_loadScene,13,scenarios/play.md,planned,planned,planned,planned,planned,planned,planned,planned,planned,planned,planned,planned,planned,planned,planned
play,runtime.report,runtime_report,7,scenarios/play.md,planned,planned,planned,planned,planned,planned,planned,planned,planned,planned,planned,planned,planned,planned,planned
play,runtime.errors,runtime_errors,7,scenarios/play.md,planned,planned,planned,planned,planned,planned,planned,planned,planned,planned,planned,planned,planned,planned,planned
script,script.list,script_list,8,scenarios/script.md,planned,planned,planned,planned,planned,planned,planned,planned,planned,planned,planned,planned,planned,planned,planned
script,script.read,script_read,11,scenarios/script.md,planned,planned,planned,planned,planned,planned,planned,planned,planned,planned,planned,planned,planned,planned,planned
script,script.write,script_write,14,scenarios/script.md,planned,planned,planned,planned,planned,planned,planned,planned,planned,planned,planned,planned,planned,planned,planned
studio,studio.describe,studio_describe,10,scenarios/studio.md,planned,planned,planned,planned,planned,planned,planned,planned,planned,planned,planned,planned,planned,planned,planned
studio,studio.docs,studio_docs,11,scenarios/studio.md,planned,planned,planned,planned,planned,planned,planned,planned,planned,planned,planned,planned,planned,planned,planned
studio,studio.batch,studio_batch,9,scenarios/studio.md,planned,planned,planned,planned,planned,planned,planned,planned,planned,planned,planned,planned,planned,planned,planned
timeline,timeline.addSceneCue,timeline_addSceneCue,30,scenarios/timeline.md,planned,planned,planned,planned,planned,planned,planned,planned,planned,planned,planned,planned,planned,planned,planned
timeline,timeline.removeSceneCue,timeline_removeSceneCue,18,scenarios/timeline.md,planned,planned,planned,planned,planned,planned,planned,planned,planned,planned,planned,planned,planned,planned,planned
timeline,timeline.setPanelRows,timeline_setPanelRows,16,scenarios/timeline.md,planned,planned,planned,planned,planned,planned,planned,planned,planned,planned,planned,planned,planned,planned,planned
assembly,game.applyTemplate,game_applyTemplate,13,scenarios/assembly.md,planned,planned,planned,planned,planned,planned,planned,planned,planned,planned,planned,planned,planned,planned,planned
assembly,prefab.define,prefab_define,13,scenarios/assembly.md,planned,planned,planned,planned,planned,planned,planned,planned,planned,planned,planned,planned,planned,planned,planned
assembly,prefab.instantiate,prefab_instantiate,19,scenarios/assembly.md,planned,planned,planned,planned,planned,planned,planned,planned,planned,planned,planned,planned,planned,planned,planned
export,game.export,game_export,40,scenarios/export.md,planned,planned,planned,planned,planned,planned,planned,planned,planned,planned,planned,planned,planned,planned,planned
project,inputMaps.list,inputMaps_list,8,scenarios/project.md,planned,planned,planned,planned,planned,planned,planned,planned,planned,planned,planned,planned,planned,planned,planned
project,inputMap.read,inputMap_read,11,scenarios/project.md,planned,planned,planned,planned,planned,planned,planned,planned,planned,planned,planned,planned,planned,planned,planned
project,inputMap.write,inputMap_write,14,scenarios/project.md,planned,planned,planned,planned,planned,planned,planned,planned,planned,planned,planned,planned,planned,planned,planned
project,animationGraphs.list,animationGraphs_list,8,scenarios/project.md,planned,planned,planned,planned,planned,planned,planned,planned,planned,planned,planned,planned,planned,planned,planned
project,animationGraph.read,animationGraph_read,11,scenarios/project.md,planned,planned,planned,planned,planned,planned,planned,planned,planned,planned,planned,planned,planned,planned,planned
project,animationGraph.write,animationGraph_write,14,scenarios/project.md,planned,planned,planned,planned,planned,planned,planned,planned,planned,planned,planned,planned,planned,planned,planned
project,animation.retargetStatus,animation_retargetStatus,24,scenarios/project.md,planned,planned,planned,planned,planned,planned,planned,planned,planned,planned,planned,planned,planned,planned,planned
context,context.readProjectCards,context_readProjectCards,8,scenarios/context.md,planned,planned,planned,planned,planned,planned,planned,planned,planned,planned,planned,planned,planned,planned,planned
context,context.writeProjectCard,context_writeProjectCard,20,scenarios/context.md,planned,planned,planned,planned,planned,planned,planned,planned,planned,planned,planned,planned,planned,planned,planned
context,context.deleteProjectCard,context_deleteProjectCard,12,scenarios/context.md,planned,planned,planned,planned,planned,planned,planned,planned,planned,planned,planned,planned,planned,planned,planned
memory,memory.recall,memory_recall,13,scenarios/memory.md,planned,planned,planned,planned,planned,planned,planned,planned,planned,planned,planned,planned,planned,planned,planned
memory,memory.read,memory_read,11,scenarios/memory.md,planned,planned,planned,planned,planned,planned,planned,planned,planned,planned,planned,planned,planned,planned,planned
memory,memory.write,memory_write,31,scenarios/memory.md,planned,planned,planned,planned,planned,planned,planned,planned,planned,planned,planned,planned,planned,planned,planned
memory,memory.forget,memory_forget,12,scenarios/memory.md,planned,planned,planned,planned,planned,planned,planned,planned,planned,planned,planned,planned,planned,planned,planned
memory,memory.link,memory_link,15,scenarios/memory.md,planned,planned,planned,planned,planned,planned,planned,planned,planned,planned,planned,planned,planned,planned,planned
settings,settings.read,settings_read,8,scenarios/settings.md,planned,planned,planned,planned,planned,planned,planned,planned,planned,planned,planned,planned,planned,planned,planned
settings,settings.write,settings_write,29,scenarios/settings.md,planned,planned,planned,planned,planned,planned,planned,planned,planned,planned,planned,planned,planned,planned,planned
settings,accounts.list,accounts_list,7,scenarios/settings.md,planned,planned,planned,planned,planned,planned,planned,planned,planned,planned,planned,planned,planned,planned,planned
settings,accounts.activate,accounts_activate,11,scenarios/settings.md,planned,planned,planned,planned,planned,planned,planned,planned,planned,planned,planned,planned,planned,planned,planned
settings,accounts.rename,accounts_rename,14,scenarios/settings.md,planned,planned,planned,planned,planned,planned,planned,planned,planned,planned,planned,planned,planned,planned,planned
settings,settings.triggerAction,settings_triggerAction,18,scenarios/settings.md,planned,planned,planned,planned,planned,planned,planned,planned,planned,planned,planned,planned,planned,planned,planned
shell,auth.state,auth_state,7,scenarios/shell.md,planned,planned,planned,planned,planned,planned,planned,planned,planned,planned,planned,planned,planned,planned,planned
shell,window.state,window_state,7,scenarios/shell.md,planned,planned,planned,planned,planned,planned,planned,planned,planned,planned,planned,planned,planned,planned,planned
shell,window.fullScreen,window_fullScreen,7,scenarios/shell.md,planned,planned,planned,planned,planned,planned,planned,planned,planned,planned,planned,planned,planned,planned,planned
shell,settings.open,settings_open,37,scenarios/shell.md,planned,planned,planned,planned,planned,planned,planned,planned,planned,planned,planned,planned,planned,planned,planned
shell,updates.state,updates_state,7,scenarios/shell.md,planned,planned,planned,planned,planned,planned,planned,planned,planned,planned,planned,planned,planned,planned,planned
shell,media.capabilities,media_capabilities,7,scenarios/shell.md,planned,planned,planned,planned,planned,planned,planned,planned,planned,planned,planned,planned,planned,planned,planned
shell,media.indexFileInPlace,media_indexFileInPlace,10,scenarios/shell.md,planned,planned,planned,planned,planned,planned,planned,planned,planned,planned,planned,planned,planned,planned,planned
shell,fonts.list,fonts_list,7,scenarios/shell.md,planned,planned,planned,planned,planned,planned,planned,planned,planned,planned,planned,planned,planned,planned,planned
shell,favorites.listPinnedRecipes,favorites_listPinnedRecipes,7,scenarios/shell.md,planned,planned,planned,planned,planned,planned,planned,planned,planned,planned,planned,planned,planned,planned,planned
shell,favorite.pinAssetRecipe,favorite_pinAssetRecipe,10,scenarios/shell.md,planned,planned,planned,planned,planned,planned,planned,planned,planned,planned,planned,planned,planned,planned,planned
shell,favorite.unpinAssetRecipe,favorite_unpinAssetRecipe,10,scenarios/shell.md,planned,planned,planned,planned,planned,planned,planned,planned,planned,planned,planned,planned,planned,planned,planned
shell,fileInfo.openWindow,fileInfo_openWindow,10,scenarios/shell.md,planned,planned,planned,planned,planned,planned,planned,planned,planned,planned,planned,planned,planned,planned,planned
shell,mirror.openVideoReturnWindow,mirror_openVideoReturnWindow,7,scenarios/shell.md,planned,planned,planned,planned,planned,planned,planned,planned,planned,planned,planned,planned,planned,planned,planned
shell,help.openStudioWindow,help_openStudioWindow,15,scenarios/shell.md,planned,planned,planned,planned,planned,planned,planned,planned,planned,planned,planned,planned,planned,planned,planned
shell,updates.install,updates_install,8,scenarios/shell.md,planned,planned,planned,planned,planned,planned,planned,planned,planned,planned,planned,planned,planned,planned,planned
shell,dictation.state,dictation_state,7,scenarios/shell.md,planned,planned,planned,planned,planned,planned,planned,planned,planned,planned,planned,planned,planned,planned,planned
shell,dictation.start,dictation_start,7,scenarios/shell.md,planned,planned,planned,planned,planned,planned,planned,planned,planned,planned,planned,planned,planned,planned,planned
shell,dictation.stop,dictation_stop,10,scenarios/shell.md,planned,planned,planned,planned,planned,planned,planned,planned,planned,planned,planned,planned,planned,planned,planned
shell,panels.list,panels_list,7,scenarios/shell.md,planned,planned,planned,planned,planned,planned,planned,planned,planned,planned,planned,planned,planned,planned,planned
shell,panel.open,panel_open,28,scenarios/shell.md,planned,planned,planned,planned,planned,planned,planned,planned,planned,planned,planned,planned,planned,planned,planned
shell,panel.close,panel_close,28,scenarios/shell.md,planned,planned,planned,planned,planned,planned,planned,planned,planned,planned,planned,planned,planned,planned,planned
